search_term,name_cleaned,matched_clean,score,matched,simple_name,common_name,accepted_namecode,namecode,name_status,source,kingdom,phylum,class,order,family,genus,taxon_rank,match_type
Acanthonus armatus,Acanthonus armatus,Acanthonus armatus,1,"Acanthonus armatus Günther, 1878",Acanthonus armatus,"大棘鼬魚,⼤棘鼬鳚,鼬⿂",t0049440,t0049440,accepted,taicol,Animalia,Chordata,Actinopteri,Ophidiiformes,Ophidiidae,Acanthonus,species,Full match
Alcockia rostrata,Alcockia rostrata,,,,,,,,,,,,,,,,,No match
Aldrovandia affinis,Aldrovandia affinis,Aldrovandia affinis,1,"Aldrovandia affinis (Günther, 1877)",Aldrovandia affinis,異鱗海蜴魚,t0056849,t0056849,accepted,taicol,Animalia,Chordata,Actinopteri,Notacanthiformes,Halosauridae,Aldrovandia,species,Full match
Aldrovandia phalacra,Aldrovandia phalacra,Aldrovandia phalacra,1,"Aldrovandia phalacra (Vaillant, 1888)",Aldrovandia phalacra,裸頭海蜴魚,t0056850,t0056850,accepted,taicol,Animalia,Chordata,Actinopteri,Notacanthiformes,Halosauridae,Aldrovandia,species,Full match
Aldrovandia,Aldrovandia,Aldrovandia,1,Aldrovandia,Aldrovandia,海蜴魚屬,t0009636,t0009636,accepted,taicol,Animalia,Chordata,Actinopteri,Notacanthiformes,Halosauridae,Aldrovandia,genus,Full match
Alepocephalus bicolor,Alepocephalus bicolor,Alepocephalus bicolor,1,"Alepocephalus bicolor Alcock, 1891",Alepocephalus bicolor,"雙色黑頭魚,⿊頭⿂,雙⾊平頭⿂",t0049607,t0049607,accepted,taicol,Animalia,Chordata,Actinopteri,Alepocephaliformes,Alepocephalidae,Alepocephalus,species,Full match
Alepocephalus longiceps,Alepocephalus longiceps,Alepocephalus longiceps,1,"Alepocephalus longiceps Lloyd, 1909",Alepocephalus longiceps,"長鰭黑頭魚,⿊頭⿂,⾧鰭平頭⿂",t0049608,t0049608,accepted,taicol,Animalia,Chordata,Actinopteri,Alepocephaliformes,Alepocephalidae,Alepocephalus,species,Full match
Alepocephalus owstoni,Alepocephalus owstoni,,,,,,,,,,,,,,,,,No match
Alepocephalus,Alepocephalus,Alepocephalus,1,Alepocephalus,Alepocephalus,黑頭魚屬,t0009645,t0009645,accepted,taicol,Animalia,Chordata,Actinopteri,Alepocephaliformes,Alepocephalidae,Alepocephalus,genus,Full match
Alepocephalus triangularis,Alepocephalus triangularis,Alepocephalus triangularis,1,"Alepocephalus triangularis Okamura & Kawanishi, 1984",Alepocephalus triangularis,"尖吻黑頭魚,尖吻平頭⿂,⿊頭⿂",t0049609,t0049609,accepted,taicol,Animalia,Chordata,Actinopteri,Alepocephaliformes,Alepocephalidae,Alepocephalus,species,Full match
Antimora microlepis,Antimora microlepis,Antimora microlepis,1,"Antimora microlepis Bean, 1890",Antimora microlepis,"細鱗擬深海鱈,鱈⿂",t0049728,t0049728,accepted,taicol,Animalia,Chordata,Actinopteri,Gadiformes,Moridae,Antimora,species,Full match
Aphyonus gelatinosus,Aphyonus gelatinosus,Aphyonus gelatinosus,1,"Aphyonus gelatinosus Günther, 1878",Aphyonus gelatinosus,"澳洲裸鼬魚,澳洲膠胎鳚,膠胎鳚,裸鼬⿂",t0049743,t0049743,accepted,taicol,Animalia,Chordata,Actinopteri,Ophidiiformes,Aphyonidae,Aphyonus,species,Full match
Apristurus japonicus,Apristurus japonicus,,,,,,,,,,,,,,,,,No match
Apristurus macrorhynchus,Apristurus macrorhynchus,,,,,,,,,,,,,,,,,No match
Apristurus platyrhynchus,Apristurus platyrhynchus,Apristurus platyrhynchus,1,"Apristurus platyrhynchus (Tanaka, 1909)",Apristurus platyrhynchus,"扁吻篦鯊,扁吻篦鮫,沙⿂,扁吻光尾鯊",t0056945,t0056945,accepted,taicol,Animalia,Chordata,Elasmobranchii,Carcharhiniformes,Scyliorhinidae,Apristurus,species,Full match
Argyropelecus aculeatus,Argyropelecus aculeatus,Argyropelecus aculeatus,1,"Argyropelecus aculeatus Valenciennes, 1850",Argyropelecus aculeatus,"棘銀斧魚,海洋斧⿂,斧⿂,銀斧",t0049790,t0049790,accepted,taicol,Animalia,Chordata,Actinopteri,Stomiatiformes,Sternoptychidae,Argyropelecus,species,Full match
Argyropelecus affinis,Argyropelecus affinis,Argyropelecus affinis,1,"Argyropelecus affinis Garman, 1899",Argyropelecus affinis,"長銀斧魚,海洋斧⿂,斧⿂,銀斧",t0049791,t0049791,accepted,taicol,Animalia,Chordata,Actinopteri,Stomiatiformes,Sternoptychidae,Argyropelecus,species,Full match
Argyropelecus gigas,Argyropelecus gigas,Argyropelecus gigas,1,"Argyropelecus gigas Norman, 1930",Argyropelecus gigas,"巨銀斧魚,海洋斧⿂,斧⿂,銀斧",t0049792,t0049792,accepted,taicol,Animalia,Chordata,Actinopteri,Stomiatiformes,Sternoptychidae,Argyropelecus,species,Full match
Argyropelecus hemigymnus,Argyropelecus hemigymnus,Argyropelecus hemigymnus,1,"Argyropelecus hemigymnus Cocco, 1829",Argyropelecus hemigymnus,"半裸銀斧魚,海洋斧⿂,斧⿂,銀斧",t0049793,t0049793,accepted,taicol,Animalia,Chordata,Actinopteri,Stomiatiformes,Sternoptychidae,Argyropelecus,species,Full match
Argyropelecus,Argyropelecus,Argyropelecus,1,Argyropelecus,Argyropelecus,銀斧魚屬,t0010327,t0010327,accepted,taicol,Animalia,Chordata,Actinopteri,Stomiatiformes,Sternoptychidae,Argyropelecus,genus,"Full match/ Undecidable: Multiple matched, accepted names"
Astronesthes formosana,Astronesthes formosana,Astronesthes formosana,1,"Astronesthes formosana Liao, Chen & Shao, 2006",Astronesthes formosana,"臺灣星衫魚,巨⼝⿂,台灣星衫⿂",t0049843,t0049843,accepted,taicol,Animalia,Chordata,Actinopteri,Stomiatiformes,Stomiidae,Astronesthes,species,Full match
Astronesthes lucifer,Astronesthes lucifer,Astronesthes lucifer,1,"Astronesthes lucifer Gilbert, 1905",Astronesthes lucifer,"螢光星衫魚,巨⼝⿂,井島星衫⿂",t0049846,t0049846,accepted,taicol,Animalia,Chordata,Actinopteri,Stomiatiformes,Stomiidae,Astronesthes,species,Full match
Astronesthes,Astronesthes,Astronesthes,1,"Astronesthes Richardson, 1845",Astronesthes,星衫魚屬,t0010482,t0010482,accepted,taicol,Animalia,Chordata,Actinopteri,Stomiatiformes,Stomiidae,Astronesthes,genus,Full match
Avocettina infans,Avocettina infans,Avocettina infans,1,"Avocettina infans (Günther, 1878)",Avocettina infans,"喙吻鰻,尖嘴鰻",t0057014,t0057014,accepted,taicol,Animalia,Chordata,Actinopteri,Anguilliformes,Nemichthyidae,Avocettina,species,Full match
Avocettina,Avocettina,Avocettina,1,Avocettina,Avocettina,喙吻鰻屬,t0010625,t0010625,accepted,taicol,Animalia,Chordata,Actinopteri,Anguilliformes,Nemichthyidae,Avocettina,genus,Full match
Bajacalifornia burragei,Bajacalifornia burragei,Bajacalifornia burragei,1,"Bajacalifornia burragei Townsend & Nichols, 1925",Bajacalifornia burragei,"伯氏巴傑加州黑頭魚,⿊頭⿂,伯⽒巴傑平頭⿂",t0049927,t0049927,accepted,taicol,Animalia,Chordata,Actinopteri,Alepocephaliformes,Alepocephalidae,Bajacalifornia,species,Full match
Bajacalifornia erimoensis,Bajacalifornia erimoensis,,,,,,,,,,,,,,,,,No match
Bajacalifornia,Bajacalifornia,Bajacalifornia,1,Bajacalifornia,Bajacalifornia,巴傑加州黑頭魚屬,t0010673,t0010673,accepted,taicol,Animalia,Chordata,Actinopteri,Alepocephaliformes,Alepocephalidae,Bajacalifornia,genus,Full match
Barathronus maculatus,Barathronus maculatus,Barathronus maculatus,1,"Barathronus maculatus Shcherbachev, 1976",Barathronus maculatus,"棕斑盲鼬魚,棕斑盲鼬鳚,裸鼬⿂",t0049934,t0049934,accepted,taicol,Animalia,Chordata,Actinopteri,Ophidiiformes,Aphyonidae,Barathronus,species,Full match
Bassozetus compressus,Bassozetus compressus,Bassozetus compressus,1,"Bassozetus compressus (Günther, 1878)",Bassozetus compressus,"扁索深鼬魚,扁索深鼬鳚,鼬⿂",t0057028,t0057028,accepted,taicol,Animalia,Chordata,Actinopteri,Ophidiiformes,Ophidiidae,Bassozetus,species,Full match
Bassozetus glutinosus,Bassozetus glutinosus,Bassozetus glutinosus,1,"Bassozetus glutinosus (Alcock, 1890)",Bassozetus glutinosus,"黏身索深鼬魚,黏⾝索深鼬鳚,鼬⿂",t0057029,t0057029,accepted,taicol,Animalia,Chordata,Actinopteri,Ophidiiformes,Ophidiidae,Bassozetus,species,Full match
Bassozetus robustus,Bassozetus robustus,Bassozetus robustus,1,"Bassozetus robustus Smith & Radcliffe, 1913",Bassozetus robustus,"壯體索深鼬魚,壯體索深鼬鳚,鼬⿂",t0049940,t0049940,accepted,taicol,Animalia,Chordata,Actinopteri,Ophidiiformes,Ophidiidae,Bassozetus,species,Full match
Bassozetus,Bassozetus,Bassozetus,1,Bassozetus,Bassozetus,索深鼬鳚屬,t0010733,t0010733,accepted,taicol,Animalia,Chordata,Actinopteri,Ophidiiformes,Ophidiidae,Bassozetus,genus,Full match
Bathyclupea argentea,Bathyclupea argentea,Bathyclupea argentea,1,"Bathyclupea argentea Goode & Bean, 1896",Bathyclupea argentea,細身深海鯡,t0106690,t0106690,misapplied,taicol,Animalia,Chordata,Actinopteri,Pempheriformes,Bathyclupeidae,Bathyclupea,species,"Full match / Undecidable: Multiple matched, accepted names"
Bathycongrus wallacei,Bathycongrus wallacei,Bathycongrus wallacei,1,"Bathycongrus wallacei (Castle, 1968)",Bathycongrus wallacei,"瓦氏深海糯鰻,糯⽶鰻,海鰻,⽳⼦鰻,沙鰻,⽡⽒深海康吉鰻,臭腥鰻",t0057035,t0057035,accepted,taicol,Animalia,Chordata,Actinopteri,Anguilliformes,Congridae,Bathycongrus,species,Full match
Bathycongrus guttulatus,Bathycongrus guttulatus,Bathycongrus guttulatus,1,"Bathycongrus guttulatus (Günther, 1887)",Bathycongrus guttulatus,"小斑深海糯鰻,⽳⼦鰻,⼩斑深海康吉鰻",t0057033,t0057033,accepted,taicol,Animalia,Chordata,Actinopteri,Anguilliformes,Congridae,Bathycongrus,species,Full match
Bathycongrus retrotinctus,Bathycongrus retrotinctus,Bathycongrus retrotinctus,1,"Bathycongrus retrotinctus (Jordan & Snyder, 1901)",Bathycongrus retrotinctus,"網格深海糯鰻,網格深海康吉鰻,⿊邊深海糯鰻",t0057034,t0057034,accepted,taicol,Animalia,Chordata,Actinopteri,Anguilliformes,Congridae,Bathycongrus,species,Full match
Bathygadus antrodes,Bathygadus antrodes,Bathygadus antrodes,1,"Bathygadus antrodes (Jordan & Starks, 1904)",Bathygadus antrodes,"孔頭底尾鱈,鱈⿂",t0057036,t0057036,accepted,taicol,Animalia,Chordata,Actinopteri,Gadiformes,Macrouridae,Bathygadus,species,Full match
Bathygadus garretti,Bathygadus garretti,Bathygadus garretti,1,"Bathygadus garretti Gilbert & Hubbs, 1916",Bathygadus garretti,"加氏底尾鱈,鱈⿂",t0049961,t0049961,accepted,taicol,Animalia,Chordata,Actinopteri,Gadiformes,Macrouridae,Bathygadus,species,Full match
Bathygadus nipponicus,Bathygadus nipponicus,Bathygadus nipponicus,1,"Bathygadus nipponicus (Jordan & Gilbert, 1904)",Bathygadus nipponicus,"日本底尾鱈,鱈⿂",t0057037,t0057037,accepted,taicol,Animalia,Chordata,Actinopteri,Gadiformes,Macrouridae,Bathygadus,species,Full match
Bathygadus,Bathygadus,Bathygadus,1,Bathygadus,Bathygadus,底尾鱈屬,t0010746,t0010746,accepted,taicol,Animalia,Chordata,Actinopteri,Gadiformes,Macrouridae,Bathygadus,genus,Full match
Bathygadus spongiceps,Bathygadus spongiceps,Bathygadus spongiceps,1,"Bathygadus spongiceps Gilbert & Hubbs, 1920",Bathygadus spongiceps,"綿頭底尾鱈,鱈⿂",t0049962,t0049962,accepted,taicol,Animalia,Chordata,Actinopteri,Gadiformes,Macrouridae,Bathygadus,species,Full match
Bathylagus ochotensis,Bathylagus ochotensis,,,,,,,,,,,,,,,,,No match
Bathyonus caudalis,Bathyonus caudalis,Bathyonus caudalis,1,"Bathyonus caudalis (Garman, 1899)",Bathyonus caudalis,"大尾深水鼬魚,鼬⿂,⼤尾深⽔鼬鳚",t0057046,t0057046,accepted,taicol,Animalia,Chordata,Actinopteri,Ophidiiformes,Ophidiidae,Bathyonus,species,Full match
Bathypterois atricolor,Bathypterois atricolor,Bathypterois atricolor,1,"Bathypterois atricolor Alcock, 1896",Bathypterois atricolor,"小眼深海狗母魚,⼩眼深海⾭眼⿂",t0049965,t0049965,accepted,taicol,Animalia,Chordata,Actinopteri,Aulopiformes,Ipnopidae,Bathypterois,species,Full match
Bathypterois guentheri,Bathypterois guentheri,Bathypterois guentheri,1,"Bathypterois guentheri Alcock, 1889",Bathypterois guentheri,"貢氏深海狗母魚,貢⽒深海⾭眼⿂",t0049966,t0049966,accepted,taicol,Animalia,Chordata,Actinopteri,Aulopiformes,Ipnopidae,Bathypterois,species,Full match
Bathyraja bergi,Bathyraja bergi,,,,,,,,,,,,,,,,,No match
Bathyraja diplotaenia,Bathyraja diplotaenia,,,,,,,,,,,,,,,,,No match
Bathyraja isotrachys,Bathyraja isotrachys,Bathyraja isotrachys,1,"Bathyraja isotrachys (Günther, 1877)",Bathyraja isotrachys,"勻棘深海鰩,勻棘深海鯆魮,魴仔",t0057047,t0057047,accepted,taicol,Animalia,Chordata,Elasmobranchii,Rajiformes,Rajidae,Bathyraja,species,Full match
Bathyraja matsubarai,Bathyraja matsubarai,Bathyraja matsubarai,1,"Bathyraja matsubarai (Ishiyama, 1952)",Bathyraja matsubarai,"松原深海鰩,魴仔,松原深海鯆魮",t0057048,t0057048,accepted,taicol,Animalia,Chordata,Elasmobranchii,Rajiformes,Rajidae,Bathyraja,species,Full match
Bathyraja,Bathyraja,Bathyraja,1,Bathyraja,Bathyraja,深海鰩屬,t0010759,t0010759,accepted,taicol,Animalia,Chordata,Elasmobranchii,Rajiformes,Rajidae,Bathyraja,genus,Full match
Bathyraja trachouros,Bathyraja trachouros,Bathyraja trachouros,1,"Bathyraja trachouros (Ishiyama, 1958)",Bathyraja trachouros,"糙體深海鰩,糙體深海鯆魮,魴仔",t0057049,t0057049,accepted,taicol,Animalia,Chordata,Elasmobranchii,Rajiformes,Rajidae,Bathyraja,species,Full match
Bathysaurus,Bathysaurus,Bathysaurus,1,Bathysaurus,Bathysaurus,深海蜥魚屬,t0010760,t0010760,accepted,taicol,Animalia,Chordata,Actinopteri,Aulopiformes,Bathysauridae,Bathysaurus,genus,Full match
Bathytroctes microlepis,Bathytroctes microlepis,Bathytroctes microlepis,1,"Bathytroctes microlepis Günther, 1878",Bathytroctes microlepis,"小鱗淵眼魚,⿊頭⿂",t0049969,t0049969,accepted,taicol,Animalia,Chordata,Actinopteri,Alepocephaliformes,Alepocephalidae,Bathytroctes,species,Full match
Bathyuroconger vicinus,Bathyuroconger vicinus,Bathyuroconger vicinus,1,"Bathyuroconger vicinus (Vaillant, 1888)",Bathyuroconger vicinus,"白深海尾糯鰻,海鰻",t0049971,t0049971,not-accepted,taicol,Animalia,Chordata,Actinopteri,Anguilliformes,Congridae,Bathyuroconger,species,Full match
Benthodesmus,Benthodesmus,Benthodesmus,1,Benthodesmus,Benthodesmus,深海帶魚屬,t0010832,t0010832,accepted,taicol,Animalia,Chordata,Actinopteri,Scombriformes,Trichiuridae,Benthodesmus,genus,Full match
Benthosema pterotum,Benthosema pterotum,Benthosema pterotum,1,"Benthosema pterotum (Alcock, 1890)",Benthosema pterotum,"七星底燈魚,光⿂,燈籠⿂,七星⿂",t0057057,t0057057,accepted,taicol,Animalia,Chordata,Actinopteri,Myctophiformes,Myctophidae,Benthosema,species,Full match
Benthosema,Benthosema,Benthosema,1,Benthosema,Benthosema,底燈魚屬,t0010834,t0010834,accepted,taicol,Animalia,Chordata,Actinopteri,Myctophiformes,Myctophidae,Benthosema,genus,Full match
Bolinichthys,Bolinichthys,Bolinichthys,1,Bolinichthys,Bolinichthys,虹燈魚屬,t0010939,t0010939,accepted,taicol,Animalia,Chordata,Actinopteri,Myctophiformes,Myctophidae,Bolinichthys,genus,Full match
Borostomias elucens,Borostomias elucens,Borostomias elucens,1,"Borostomias elucens (Brauer, 1906)",Borostomias elucens,"掠食巨口魚,巨⼝⿂",t0029916,t0029916,accepted,taicol,Animalia,Chordata,Actinopteri,Stomiatiformes,Stomiidae,Borostomias,species,Full match
Bothrocara molle,Bothrocara molle,Bothrocara molle,1,"Bothrocara molle Bean, 1890",Bothrocara molle,"寬頭長孔綿鳚,綿鳚",t0029923,t0029923,accepted,taicol,Animalia,Chordata,Actinopteri,Perciformes,Zoarcidae,Bothrocara,species,Full match
Bothus myriaster,Bothus myriaster,Bothus myriaster,1,"Bothus myriaster (Temminck & Schlegel, 1846)",Bothus myriaster,"繁星鮃,扁⿂,⽐⽬⿂,半邊⿂,皇帝⿂",t0029926,t0029926,accepted,taicol,Animalia,Chordata,Actinopteri,Pleuronectiformes,Bothidae,Bothus,species,Full match
Brama japonica,Brama japonica,Brama japonica,1,"Brama japonica Hilgendorf, 1878",Brama japonica,"日本烏魴,深海三⾓仔,⿊⾶⼑,⿊⽪⼑",t0050044,t0050044,accepted,taicol,Animalia,Chordata,Actinopteri,Scombriformes,Bramidae,Brama,species,Full match
Bregmaceros arabicus,Bregmaceros arabicus,,,,,,,,,,,,,,,,,No match
Bregmaceros japonicus,Bregmaceros japonicus,Bregmaceros japonicus,1,"Bregmaceros japonicus Tanaka, 1908",Bregmaceros japonicus,"日本海鰗鰍,⽇本犀鱈,海⼟鰍,海鰗鰍",t0029959,t0029959,accepted,taicol,Animalia,Chordata,Actinopteri,Gadiformes,Bregmacerotidae,Bregmaceros,species,Full match
Bythitidae,Bythitidae,Bythitidae,1,Bythitidae,Bythitidae,深海鼬魚科,t0005476,t0005476,accepted,taicol,Animalia,Chordata,Actinopteri,Ophidiiformes,Bythitidae,,family,Full match
Coelorinchus aconcagua,Coelorinchus aconcagua,,,,,,,,,,,,,,,,,No match
Coelorinchus anatirostris,Coelorinchus anatirostris,Coelorinchus anatirostris,1,"Coelorinchus anatirostris Jordan & Gilbert, 1904",Coelorinchus anatirostris,"鴨嘴腔吻鱈,⿏腔吻鱈,鱈⿂",t0050383,t0050383,accepted,taicol,Animalia,Chordata,Actinopteri,Gadiformes,Macrouridae,Coelorinchus,species,Full match
Coelorinchus brevirostris,Coelorinchus brevirostris,Coelorinchus brevirostris,1,"Coelorinchus brevirostris Okamura, 1984",Coelorinchus brevirostris,"短吻腔吻鱈,鱈⿂",t0050385,t0050385,accepted,taicol,Animalia,Chordata,Actinopteri,Gadiformes,Macrouridae,Coelorinchus,species,Full match
Coelorinchus cingulatus,Coelorinchus cingulatus,Coelorinchus cingulatus,1,"Coelorinchus cingulatus Gilbert & Hubbs, 1920",Coelorinchus cingulatus,"帶斑腔吻鱈,橫帶腔吻鱈,鱈⿂",t0050386,t0050386,accepted,taicol,Animalia,Chordata,Actinopteri,Gadiformes,Macrouridae,Coelorinchus,species,Full match
Coelorinchus divergens,Coelorinchus divergens,Coelorinchus divergens,1,"Coelorinchus divergens Okamura & Yatou, 1984",Coelorinchus divergens,"廣布腔吻鱈,廣佈腔吻鱈,鱈⿂",t0050388,t0050388,accepted,taicol,Animalia,Chordata,Actinopteri,Gadiformes,Macrouridae,Coelorinchus,species,Full match
Coelorinchus flabellispinnis,Coelorinchus flabellispinnis,,,,,,,,,,,,,,,,,No match
Coelorinchus formosanus,Coelorinchus formosanus,Coelorinchus formosanus,1,"Coelorinchus formosanus Okamura, 1963",Coelorinchus formosanus,"臺灣腔吻鱈,鱈⿂,台灣腔吻鱈",t0050389,t0050389,accepted,taicol,Animalia,Chordata,Actinopteri,Gadiformes,Macrouridae,Coelorinchus,species,Full match
Coelorinchus gilberti,Coelorinchus gilberti,,,,,,,,,,,,,,,,,No match
Coelorinchus hexafasciatus,Coelorinchus hexafasciatus,,,,,,,,,,,,,,,,,No match
Coelorinchus kishinouyei,Coelorinchus kishinouyei,Coelorinchus kishinouyei,1,"Coelorinchus kishinouyei Jordan & Snyder, 1900",Coelorinchus kishinouyei,"岸上氏腔吻鱈,鱈⿂",t0050393,t0050393,accepted,taicol,Animalia,Chordata,Actinopteri,Gadiformes,Macrouridae,Coelorinchus,species,Full match
Coelorinchus leptorhinus,Coelorinchus leptorhinus,Coelorinchus leptorhinus,1,"Coelorinchus leptorhinus Chiou, Shao & Iwamoto, 2004",Coelorinchus leptorhinus,"窄吻腔吻鱈,鱈⿂",t0050394,t0050394,accepted,taicol,Animalia,Chordata,Actinopteri,Gadiformes,Macrouridae,Coelorinchus,species,Full match
Coelorinchus macrorhynchus,Coelorinchus macrorhynchus,,,,,,,,,,,,,,,,,No match
Coelorinchus multispinulosus,Coelorinchus multispinulosus,Coelorinchus multispinulosus,1,"Coelorinchus multispinulosus Katayama, 1942",Coelorinchus multispinulosus,"多棘腔吻鱈,鱈⿂",t0050396,t0050396,accepted,taicol,Animalia,Chordata,Actinopteri,Gadiformes,Macrouridae,Coelorinchus,species,Full match
Ventrifossa nigrodorsalis,Ventrifossa nigrodorsalis,Ventrifossa nigrodorsalis,1,"Ventrifossa nigrodorsalis Gilbert & Hubbs, 1920",Ventrifossa nigrodorsalis,"黑背鰭凹腹鱈,鱈⿂",t0056710,t0056710,accepted,taicol,Animalia,Chordata,Actinopteri,Gadiformes,Macrouridae,Ventrifossa,species,Full match
Coelorinchus occa,Coelorinchus occa,,,,,,,,,,,,,,,,,No match
Coelorinchus parallelus,Coelorinchus parallelus,Coelorinchus parallelus,1,"Coelorinchus parallelus (Günther, 1877)",Coelorinchus parallelus,"平棘腔吻鱈,鱈⿂",t0030619,t0030619,accepted,taicol,Animalia,Chordata,Actinopteri,Gadiformes,Macrouridae,Coelorinchus,species,Full match
Coelorinchus parvifasciatus,Coelorinchus parvifasciatus,,,,,,,,,,,,,,,,,No match
Coelorinchus productus,Coelorinchus productus,Coelorinchus productus,1,"Coelorinchus productus Gilbert & Hubbs, 1916",Coelorinchus productus,"東海腔吻鱈,鱈⿂",t0050397,t0050397,accepted,taicol,Animalia,Chordata,Actinopteri,Gadiformes,Macrouridae,Coelorinchus,species,Full match
Coelorinchus smithi,Coelorinchus smithi,Coelorinchus smithi,1,"Coelorinchus smithi Gilbert & Hubbs, 1920",Coelorinchus smithi,"史氏腔吻鱈,斯⽒腔吻鱈,鱈⿂",t0050399,t0050399,accepted,taicol,Animalia,Chordata,Actinopteri,Gadiformes,Macrouridae,Coelorinchus,species,Full match
Caelorinchus,Caelorinchus,Coelorinchus,0.917,Coelorinchus,Coelorinchus,腔吻鱈屬,t0012117,t0012117,accepted,taicol,Animalia,Chordata,Actinopteri,Gadiformes,Macrouridae,Coelorinchus,genus,Fuzzy match
Coelorinchus spinifer,Coelorinchus spinifer,Coelorinchus spinifer,1,"Coelorinchus spinifer Gilbert & Hubbs, 1920",Coelorinchus spinifer,"大棘腔吻鱈,鱈⿂",t0050400,t0050400,accepted,taicol,Animalia,Chordata,Actinopteri,Gadiformes,Macrouridae,Coelorinchus,species,Full match
Canthigaster rivulata,Canthigaster rivulata,Canthigaster rivulata,1,"Canthigaster rivulata (Temminck & Schlegel, 1850)",Canthigaster rivulata,"水紋尖鼻魨,規仔,條紋尖⿐魨,尖嘴規,⽔紋扁背魨",t0030117,t0030117,accepted,taicol,Animalia,Chordata,Actinopteri,Tetraodontiformes,Tetraodontidae,Canthigaster,species,Full match
Cataetyx platyrhynchus,Cataetyx platyrhynchus,,,,,,,,,,,,,,,,,No match
Centroscyllium kamoharai,Centroscyllium kamoharai,Centroscyllium kamoharai,1,"Centroscyllium kamoharai Abe, 1966",Centroscyllium kamoharai,"蒲原氏霞鯊,狗鮫,蒲原⽒刺狗鮫",t0050180,t0050180,accepted,taicol,Animalia,Chordata,Elasmobranchii,Squaliformes,Etmopteridae,Centroscyllium,species,Full match
Centroscyllium Kamoharai,Centroscyllium kamoharai,Centroscyllium kamoharai,1,"Centroscyllium kamoharai Abe, 1966",Centroscyllium kamoharai,"蒲原氏霞鯊,狗鮫,蒲原⽒刺狗鮫",t0050180,t0050180,accepted,taicol,Animalia,Chordata,Elasmobranchii,Squaliformes,Etmopteridae,Centroscyllium,species,Full match
Cephaloscyllium umbratile,Cephaloscyllium umbratile,Cephaloscyllium umbratile,1,"Cephaloscyllium umbratile Jordan & Fowler, 1903",Cephaloscyllium umbratile,"陰影絨毛鯊,汙斑頭鯊,沙鰷,污斑頭鮫,沙條",t0050186,t0050186,accepted,taicol,Animalia,Chordata,Elasmobranchii,Carcharhiniformes,Scyliorhinidae,Cephaloscyllium,species,Full match
Cepola schlegelii,Cepola schlegelii,Cepola schlegelii,1,"Cepola schlegelii Bleeker, 1854",Cepola schlegelii,"史氏赤刀魚,紅簾⿂,頜斑⾚⼑⿂",t0030262,t0030262,accepted,taicol,Animalia,Chordata,Actinopteri,Priacanthiformes,Cepolidae,Cepola,species,Full match
Ceratias,Ceratias,Ceratias,1,Ceratias,Ceratias,角鮟鱇屬,t0011574,t0011574,accepted,taicol,Animalia,Chordata,Actinopteri,Lophiiformes,Ceratiidae,Ceratias,genus,Full match
Ceratoscopelus warmingii,Ceratoscopelus warmingii,Ceratoscopelus warmingii,1,"Ceratoscopelus warmingii (Lütken, 1892)",Ceratoscopelus warmingii,"瓦明氏角燈魚,燈籠⿂,光⿂,⽡⽒⾓燈⿂,七星⿂",t0030276,t0030276,accepted,taicol,Animalia,Chordata,Actinopteri,Myctophiformes,Myctophidae,Ceratoscopelus,species,Full match
Cetonurus globiceps,Cetonurus globiceps,Cetonurus globiceps,1,"Cetonurus globiceps (Vaillant, 1884)",Cetonurus globiceps,"球首鯨尾鱈,鱈⿂",t0030290,t0030290,accepted,taicol,Animalia,Chordata,Actinopteri,Gadiformes,Macrouridae,Cetonurus,species,Full match
Cetonurus,Cetonurus,Cetonurus,1,Cetonurus,Cetonurus,鯨尾鱈屬,t0011630,t0011630,accepted,taicol,Animalia,Chordata,Actinopteri,Gadiformes,Macrouridae,Cetonurus,genus,Full match
Chalinura,Chalinura,Chalinula,0.889,"Chalinula Schmidt, 1868",Chalinula,,t0011676,t0011676,accepted,taicol,Animalia,Porifera,Demospongiae,Agelasida,Chalinidae,Chalinula,genus,No match
Champsodon snyderi,Champsodon snyderi,Champsodon snyderi,1,"Champsodon snyderi Franz, 1910",Champsodon snyderi,"斯氏鱷齒魚,短鱷⿒⿂,⿊狗⽏",t0050230,t0050230,accepted,taicol,Animalia,Chordata,Actinopteri,Pempheriformes,Champsodontidae,Champsodon,species,Full match
Chascanopsetta lugubris,Chascanopsetta lugubris,Chascanopsetta lugubris,1,"Chascanopsetta lugubris Alcock, 1894",Chascanopsetta lugubris,"大口長頜鮃,扁⿂,⽐⽬⿂,半邊⿂,皇帝⿂",t0030352,t0030352,accepted,taicol,Animalia,Chordata,Actinopteri,Pleuronectiformes,Bothidae,Chascanopsetta,species,Full match
Chascanopsetta microstoma,Chascanopsetta microstoma,Chascanopsetta microstoma,1,"Chascanopsetta microstoma Kuronuma, 1940",Chascanopsetta microstoma,"大口長頜鮃,扁⿂,⽐⽬⿂,半邊⿂,皇帝⿂",t0030352,t0030352,not-accepted,taicol,Animalia,Chordata,Actinopteri,Pleuronectiformes,Bothidae,Chascanopsetta,species,Full match
Chascanopsetta prognatha,Chascanopsetta prognatha,Chascanopsetta prognatha,1,"Chascanopsetta prognatha Norman, 1939",Chascanopsetta prognatha,"前長頜鮃,扁⿂,⽐⽬⿂,半邊⿂,皇帝⿂",t0050234,t0050234,accepted,taicol,Animalia,Chordata,Actinopteri,Pleuronectiformes,Bothidae,Chascanopsetta,species,Full match
Chauliodus sloani,Chauliodus sloani,Chauliodus sloani,1,"Chauliodus sloani Bloch & Schneider, 1801",Chauliodus sloani,"斯氏蝰魚,巨⼝⿂,蝰⿂",t0030354,t0030354,accepted,taicol,Animalia,Chordata,Actinopteri,Stomiatiformes,Stomiidae,Chauliodus,species,Full match
Chauliodus,Chauliodus,Chauliodus,1,Chauliodus,Chauliodus,蝰魚屬,t0011714,t0011714,accepted,taicol,Animalia,Chordata,Actinopteri,Stomiatiformes,Stomiidae,Chauliodus,genus,Full match
Chaunax abei,Chaunax abei,Chaunax abei,1,"Chaunax abei Le Danois, 1978",Chaunax abei,"阿部單棘躄魚,單棘躄⿂",t0050239,t0050239,accepted,taicol,Animalia,Chordata,Actinopteri,Lophiiformes,Chaunacidae,Chaunax,species,Full match
Chaunax,Chaunax,Chaunax,1,Chaunax,Chaunax,單棘躄魚屬,t0011716,t0011716,accepted,taicol,Animalia,Chordata,Actinopteri,Lophiiformes,Chaunacidae,Chaunax,genus,Full match
Chiasmodon niger,Chiasmodon niger,Chiasmodon niger,1,"Chiasmodon niger Johnson, 1864",Chiasmodon niger,"黑叉齒魚,⿊叉⿒⿓鰧,⿊狗⽏",t0030392,t0030392,accepted,taicol,Animalia,Chordata,Actinopteri,Scombriformes,Chiasmodontidae,Chiasmodon,species,Full match
Chimaera phantasma,Chimaera phantasma,Chimaera phantasma,1,"Chimaera phantasma Jordan & Snyder, 1900",Chimaera phantasma,"黑線銀鮫,沙鰷,⿏⿂,銀鮫,⿊翅沙",t0050262,t0050262,accepted,taicol,Animalia,Chordata,Holocephali,Chimaeriformes,Chimaeridae,Chimaera,species,Full match
Chlorophthalmus acutifrons,Chlorophthalmus acutifrons,Chlorophthalmus acutifrons,1,"Chlorophthalmus acutifrons Hiyama, 1940",Chlorophthalmus acutifrons,"尖額青眼魚,奇⼠⿂,隆背⾭眼⿂",t0050269,t0050269,accepted,taicol,Animalia,Chordata,Actinopteri,Aulopiformes,Chlorophthalmidae,Chlorophthalmus,species,Full match
Chlorophthalmus nigromarginatus,Chlorophthalmus nigromarginatus,Chlorophthalmus nigromarginatus,1,"Chlorophthalmus nigromarginatus Kamohara, 1953",Chlorophthalmus nigromarginatus,"黑緣青眼魚,奇⼠⿂",t0050272,t0050272,accepted,taicol,Animalia,Chordata,Actinopteri,Aulopiformes,Chlorophthalmidae,Chlorophthalmus,species,Full match
Chlorophthalmus,Chlorophthalmus,Chlorophthalmus,1,Chlorophthalmus,Chlorophthalmus,青眼魚屬,t0011830,t0011830,accepted,taicol,Animalia,Chordata,Actinopteri,Aulopiformes,Chlorophthalmidae,Chlorophthalmus,genus,Full match
Chrionema chryseres,Chrionema chryseres,Chrionema chryseres,1,"Chrionema chryseres Gilbert, 1905",Chrionema chryseres,"黃斑低線魚,鴨嘴鱚",t0050297,t0050297,accepted,taicol,Animalia,Chordata,Actinopteri,Perciformes,Percophidae,Chrionema,species,Full match
Coloconger japonicus,Coloconger japonicus,Coloconger japonicus,1,"Coloconger japonicus Machida, 1984",Coloconger japonicus,"日本短糯鰻,⽇本倭糯鰻,⽇本短尾康吉鰻",t0050408,t0050408,accepted,taicol,Animalia,Chordata,Actinopteri,Anguilliformes,Colocongridae,Coloconger,species,Full match
Coloconger raniceps,Coloconger raniceps,Coloconger raniceps,1,"Coloconger raniceps Alcock, 1889",Coloconger raniceps,"蛙頭短糯鰻,蛙頭倭糯鰻,蛙頭短尾康吉鰻",t0050409,t0050409,accepted,taicol,Animalia,Chordata,Actinopteri,Anguilliformes,Colocongridae,Coloconger,species,Full match
Conger japonicus,Conger japonicus,Conger japonicus,1,"Conger japonicus Bleeker, 1879",Conger japonicus,"繁星糯鰻,星康吉鰻,⽳⼦,海鰻",t0030660,t0030660,not-accepted,taicol,Animalia,Chordata,Actinopteri,Anguilliformes,Congridae,Conger,species,Full match
Congriscus megastomus,Congriscus megastomus,Congriscus megastomus,1,"Congriscus megastomus (Günther, 1877)",Congriscus megastomus,"大口糯鰻,糯⽶鰻,海鰻,⼤⼝康吉鰻,⽳⼦鰻,沙鰻,臭腥鰻",t0030661,t0030661,accepted,taicol,Animalia,Chordata,Actinopteri,Anguilliformes,Congridae,Congriscus,species,Full match
Conocara,Conocara,Conocara,1,Conocara,Conocara,錐首魚屬,t0012238,t0012238,accepted,taicol,Animalia,Chordata,Actinopteri,Alepocephaliformes,Alepocephalidae,Conocara,genus,Full match
Coryphaenoides asper,Coryphaenoides asper,Coryphaenoides asper,1,"Coryphaenoides asper Günther, 1877",Coryphaenoides asper,"粗體突吻鱈,鱈⿂",t0050448,t0050448,accepted,taicol,Animalia,Chordata,Actinopteri,Gadiformes,Macrouridae,Coryphaenoides,species,Full match
Coryphaenoides hoskynii,Coryphaenoides hoskynii,,,,,,,,,,,,,,,,,No match
Coryphaenoides macrolophus,Coryphaenoides macrolophus,,,,,,,,,,,,,,,,,No match
Coryphaenoides marginatus,Coryphaenoides marginatus,Coryphaenoides marginatus,1,"Coryphaenoides marginatus Steindachner & Döderlein, 1887",Coryphaenoides marginatus,"黑緣突吻鱈,暗邊突吻鱈,鱈⿂",t0050449,t0050449,accepted,taicol,Animalia,Chordata,Actinopteri,Gadiformes,Macrouridae,Coryphaenoides,species,Full match
Coryphaenoides microps,Coryphaenoides microps,Coryphaenoides microps,1,"Coryphaenoides microps (Smith & Radcliffe, 1912)",Coryphaenoides microps,"細眼突吻鱈,⼤眼突吻鱈,鱈⿂",t0030711,t0030711,accepted,taicol,Animalia,Chordata,Actinopteri,Gadiformes,Macrouridae,Coryphaenoides,species,Full match
Coryphaenoides nasutus,Coryphaenoides nasutus,Coryphaenoides nasutus,1,"Coryphaenoides nasutus Günther, 1877",Coryphaenoides nasutus,"錐鼻突吻鱈,鱈⿂",t0050450,t0050450,accepted,taicol,Animalia,Chordata,Actinopteri,Gadiformes,Macrouridae,Coryphaenoides,species,Full match
Coryphaenoides rudis,Coryphaenoides rudis,Coryphaenoides rudis,1,"Coryphaenoides rudis Günther, 1878",Coryphaenoides rudis,"野突吻鱈,鱈⿂",t0050451,t0050451,accepted,taicol,Animalia,Chordata,Actinopteri,Gadiformes,Macrouridae,Coryphaenoides,species,Full match
Coryphaenoides,Coryphaenoides,Coryphaenoides,1,Coryphaenoides,Coryphaenoides,突吻鱈屬,t0012320,t0012320,accepted,taicol,Animalia,Chordata,Actinopteri,Gadiformes,Macrouridae,Coryphaenoides,genus,Full match
Cubiceps squamiceps,Cubiceps squamiceps,Cubiceps squamiceps,1,"Cubiceps squamiceps (Lloyd, 1909)",Cubiceps squamiceps,"少鰭方頭鯧,懷⽒⽅頭鯧,⾁鯧",t0030790,t0030790,not-accepted,taicol,Animalia,Chordata,Actinopteri,Scombriformes,Nomeidae,Cubiceps,species,Full match
Cyclothone atraria,Cyclothone atraria,Cyclothone atraria,1,"Cyclothone atraria Gilbert, 1905",Cyclothone atraria,"黑圓罩魚,光⿂",t0030829,t0030829,accepted,taicol,Animalia,Chordata,Actinopteri,Stomiatiformes,Gonostomatidae,Cyclothone,species,Full match
Cyclothone pallida,Cyclothone pallida,Cyclothone pallida,1,"Cyclothone pallida Brauer, 1902",Cyclothone pallida,"蒼圓罩魚,光⿂",t0050527,t0050527,accepted,taicol,Animalia,Chordata,Actinopteri,Stomiatiformes,Gonostomatidae,Cyclothone,species,Full match
Cyclothone pseudopallida,Cyclothone pseudopallida,,,,,,,,,,,,,,,,,No match
Cyclothone,Cyclothone,Cyclothone,1,Cyclothone,Cyclothone,圓罩魚屬,t0012584,t0012584,accepted,taicol,Animalia,Chordata,Actinopteri,Stomiatiformes,Gonostomatidae,Cyclothone,genus,Full match
Cynoglossus,Cynoglossus,Cynoglossus,1,Cynoglossus,Cynoglossus,舌鰨屬,t0012621,t0012621,accepted,taicol,Animalia,Chordata,Actinopteri,Pleuronectiformes,Cynoglossidae,Cynoglossus,genus,Full match
Deania calcea,Deania calcea,Deania calcea,1,"Deania calcea (Lowe, 1839)",Deania calcea,"喙吻田氏鯊,沙⿂,篦吻⽥⽒鯊,刺鯊,篦吻棘鮫,地⾵⿁",t0030909,t0030909,accepted,taicol,Animalia,Chordata,Elasmobranchii,Squaliformes,Centrophoridae,Deania,species,Full match
Dentex tumifrons,Dentex tumifrons,Dentex tumifrons,1,"Dentex tumifrons (Temminck & Schlegel, 1843)",Dentex tumifrons,"阿部牙鯛,⾚鯮,阿⽒⽛鯛,阿部⾚鯮",t0050565,t0050565,not-accepted,taicol,Animalia,Chordata,Actinopteri,Spariformes,Sparidae,Dentex,species,Full match
Diaphus aliciae,Diaphus aliciae,Diaphus aliciae,1,"Diaphus aliciae Fowler, 1934",Diaphus aliciae,"長距眶燈魚,光⿂,燈籠⿂,七星⿂",t0050579,t0050579,accepted,taicol,Animalia,Chordata,Actinopteri,Myctophiformes,Myctophidae,Diaphus,species,Full match
Diaphus fragilis,Diaphus fragilis,Diaphus fragilis,1,"Diaphus fragilis Tåning, 1928",Diaphus fragilis,"符氏眶燈魚,光⿂,燈籠⿂,七星⿂",t0050583,t0050583,accepted,taicol,Animalia,Chordata,Actinopteri,Myctophiformes,Myctophidae,Diaphus,species,Full match
Diaphus fulgens,Diaphus fulgens,Diaphus fulgens,1,"Diaphus fulgens (Brauer, 1904)",Diaphus fulgens,"燦爛眶燈魚,光⿂,燈籠⿂,七星⿂",t0030979,t0030979,accepted,taicol,Animalia,Chordata,Actinopteri,Myctophiformes,Myctophidae,Diaphus,species,Full match
Diaphus garmani,Diaphus garmani,Diaphus garmani,1,"Diaphus garmani Gilbert, 1906",Diaphus garmani,"喀氏眶燈魚,光⿂,亮胸眶燈⿂,燈籠⿂,七星⿂",t0050584,t0050584,accepted,taicol,Animalia,Chordata,Actinopteri,Myctophiformes,Myctophidae,Diaphus,species,Full match
Diaphus luetkeni,Diaphus luetkeni,Diaphus luetkeni,1,"Diaphus luetkeni (Brauer, 1904)",Diaphus luetkeni,"呂氏眶燈魚,光⿂,燈籠⿂,七星⿂",t0030981,t0030981,accepted,taicol,Animalia,Chordata,Actinopteri,Myctophiformes,Myctophidae,Diaphus,species,Full match
Diaphus mollis,Diaphus mollis,Diaphus mollis,1,"Diaphus mollis Tåning, 1928",Diaphus mollis,"短距眶燈魚,光⿂,燈籠⿂,七星⿂",t0030982,t0030982,accepted,taicol,Animalia,Chordata,Actinopteri,Myctophiformes,Myctophidae,Diaphus,species,Full match
Diaphus signatus,Diaphus signatus,Diaphus signatus,1,"Diaphus signatus Gilbert, 1908",Diaphus signatus,"叉尾眶燈魚,光⿂,後光眶燈⿂,燈籠⿂,七星⿂",t0050589,t0050589,accepted,taicol,Animalia,Chordata,Actinopteri,Myctophiformes,Myctophidae,Diaphus,species,Full match
Diaphus,Diaphus,Diaphus,1,Diaphus,Diaphus,眶燈魚屬,t0018612,t0018612,accepted,taicol,Animalia,Chordata,Actinopteri,Myctophiformes,Myctophidae,Diaphus,genus,Full match
Diaphus splendidus,Diaphus splendidus,Diaphus splendidus,1,"Diaphus splendidus (Brauer, 1904)",Diaphus splendidus,"亮眶燈魚,光⿂,光亮眶燈⿂,燈籠⿂,七星⿂",t0030984,t0030984,accepted,taicol,Animalia,Chordata,Actinopteri,Myctophiformes,Myctophidae,Diaphus,species,Full match
Diaphus suborbitalis,Diaphus suborbitalis,Diaphus suborbitalis,1,"Diaphus suborbitalis Weber, 1913",Diaphus suborbitalis,"眶下眶燈魚,光⿂,光腺眶燈⿂,燈籠⿂,七星⿂",t0030985,t0030985,accepted,taicol,Animalia,Chordata,Actinopteri,Myctophiformes,Myctophidae,Diaphus,species,Full match
Diaphus watasei,Diaphus watasei,Diaphus watasei,1,"Diaphus watasei Jordan & Starks, 1904",Diaphus watasei,"渡瀨眶燈魚,光⿂,燈籠⿂,七星⿂",t0050590,t0050590,accepted,taicol,Animalia,Chordata,Actinopteri,Myctophiformes,Myctophidae,Diaphus,species,Full match
Dicrolene quinquarius,Dicrolene quinquarius,Dicrolene quinquarius,1,"Dicrolene quinquarius (Günther, 1887)",Dicrolene quinquarius,"五指絲指鼬魚,鼬⿂,五指絲指鼬鳚",t0031017,t0031017,accepted,taicol,Animalia,Chordata,Actinopteri,Ophidiiformes,Ophidiidae,Dicrolene,species,Full match
Dicrolene,Dicrolene,Dicrolene,1,Dicrolene,Dicrolene,絲指鼬鳚屬,t0018654,t0018654,accepted,taicol,Animalia,Chordata,Actinopteri,Ophidiiformes,Ophidiidae,Dicrolene,genus,Full match
Dicrolene tristis,Dicrolene tristis,Dicrolene tristis,1,"Dicrolene tristis Smith & Radcliffe, 1913",Dicrolene tristis,"短絲指鼬魚,短絲指鼬鳚,鼬⿂",t0050643,t0050643,accepted,taicol,Animalia,Chordata,Actinopteri,Ophidiiformes,Ophidiidae,Dicrolene,species,Full match
Diogenichthys atlanticus,Diogenichthys atlanticus,Diogenichthys atlanticus,1,"Diogenichthys atlanticus (Tåning, 1928)",Diogenichthys atlanticus,"大西洋明燈魚,光⿂,西明燈⿂,燈籠⿂,七星⿂",t0031049,t0031049,accepted,taicol,Animalia,Chordata,Actinopteri,Myctophiformes,Myctophidae,Diogenichthys,species,Full match
Diogenichthys panurgus,Diogenichthys panurgus,Diogenichthys panurgus,1,"Diogenichthys panurgus Bolin, 1946",Diogenichthys panurgus,"印度洋明燈魚,燈籠⿂,光⿂,印明燈⿂,七星⿂",t0050657,t0050657,accepted,taicol,Animalia,Chordata,Actinopteri,Myctophiformes,Myctophidae,Diogenichthys,species,Full match
Diplacanthopoma japonicus,Diplacanthopoma japonicus,,,,,,,,,,,,,,,,,No match
Diretmoides pauciradiatus,Diretmoides pauciradiatus,Diretmoides pauciradiatus,1,"Diretmoides pauciradiatus (Woods, 1973)",Diretmoides pauciradiatus,"短鰭擬銀眼鯛,藍⽪⼑,洞鰭鯛",t0028673,t0028673,accepted,taicol,Animalia,Chordata,Actinopteri,Trachichthyiformes,Diretmidae,Diretmoides,species,Full match
Diretmus argenteus,Diretmus argenteus,Diretmus argenteus,1,"Diretmus argenteus Johnson, 1864",Diretmus argenteus,"銀眼鯛,洞鰭鯛,藍⽪⼑,⿊銀眼鯛",t0028674,t0028674,accepted,taicol,Animalia,Chordata,Actinopteri,Trachichthyiformes,Diretmidae,Diretmus,species,Full match
Doryrhamphus japonicus,Doryrhamphus japonicus,Doryrhamphus japonicus,1,"Doryrhamphus japonicus Araga & Yoshino, 1975",Doryrhamphus japonicus,"日本矛吻海龍,海⿓,⽇本海⿓",t0028720,t0028720,accepted,taicol,Animalia,Chordata,Actinopteri,Syngnathiformes,Syngnathidae,Doryrhamphus,species,Full match
Electrona risso,Electrona risso,Electrona risso,1,"Electrona risso (Cocco, 1829)",Electrona risso,"高體電燈魚,光⿂,燈籠⿂,七星⿂",t0028824,t0028824,accepted,taicol,Animalia,Chordata,Actinopteri,Myctophiformes,Myctophidae,Electrona,species,Full match
Ereunias grallator,Ereunias grallator,Ereunias grallator,1,"Ereunias grallator Jordan & Snyder, 1901",Ereunias grallator,"神奈川旋杜父魚,杜⽗⿂,冰⿂",t0050870,t0050870,accepted,taicol,Animalia,Chordata,Actinopteri,Perciformes,Rhamphocottidae,Ereunias,species,Full match
Erisphex pottii,Erisphex pottii,Erisphex pottii,1,"Erisphex pottii (Steindachner, 1896)",Erisphex pottii,"絨鮋,虻鮋(蜂鮋),虎⿂",t0029013,t0029013,accepted,taicol,Animalia,Chordata,Actinopteri,Perciformes,Aploactinidae,Erisphex,species,Full match
Etmopterus brachyurus,Etmopterus brachyurus,Etmopterus brachyurus,1,"Etmopterus brachyurus Smith & Radcliffe, 1912",Etmopterus brachyurus,"短尾烏鯊,⿊沙,短尾烏鮫",t0050907,t0050907,accepted,taicol,Animalia,Chordata,Elasmobranchii,Squaliformes,Etmopteridae,Etmopterus,species,Full match
Etmopterus lucifer,Etmopterus lucifer,Etmopterus lucifer,1,"Etmopterus lucifer Jordan & Snyder, 1902",Etmopterus lucifer,亮烏鯊,t0106749,t0106749,accepted,taicol,Animalia,Chordata,Elasmobranchii,Squaliformes,Etmopteridae,Etmopterus,species,Full match
Eurypharynx pelecanoides,Eurypharynx pelecanoides,Eurypharynx pelecanoides,1,"Eurypharynx pelecanoides Vaillant, 1882",Eurypharynx pelecanoides,"寬咽魚,傘⼝吞噬鰻,巨⼝鰻,咽囊鰻,鵜鶘鰻,吞鰻,吞噬鰻",t0029114,t0029114,accepted,taicol,Animalia,Chordata,Actinopteri,Anguilliformes,Eurypharyngidae,Eurypharynx,species,Full match
Eustomias,Eustomias,Eustomias,1,Eustomias,Eustomias,真巨口魚屬,t0019681,t0019681,accepted,taicol,Animalia,Chordata,Actinopteri,Stomiatiformes,Stomiidae,Eustomias,genus,Full match
Foetorepus masudai,Foetorepus masudai,Foetorepus masudai,1,"Foetorepus masudai Nakabo, 1987",Foetorepus masudai,益田氏連鰭䲗,t0033167,t0033167,accepted,taicol,Animalia,Chordata,Actinopteri,Syngnathiformes,Callionymidae,Synchiropus,species,Full match
Gadella jordani,Gadella jordani,Gadella jordani,1,"Gadella jordani (Böhlke & Mead, 1951)",Gadella jordani,"喬丹氏短稚鱈,鱈⿂,無鬚稚鱈",t0029254,t0029254,accepted,taicol,Animalia,Chordata,Actinopteri,Gadiformes,Moridae,Gadella,species,Full match
Gadomus colletti,Gadomus colletti,Gadomus colletti,1,"Gadomus colletti Jordan & Gilbert, 1904",Gadomus colletti,"柯氏鼠鱈,鱈⿂",t0051126,t0051126,accepted,taicol,Animalia,Chordata,Actinopteri,Gadiformes,Macrouridae,Gadomus,species,Full match
Gadomus,Gadomus,Gadomus,1,Gadomus,Gadomus,鼠鱈屬,t0019954,t0019954,accepted,taicol,Animalia,Chordata,Actinopteri,Gadiformes,Macrouridae,Gadomus,genus,Full match
Galeus eastmani,Galeus eastmani,Galeus eastmani,1,"Galeus eastmani (Jordan & Snyder, 1904)",Galeus eastmani,"依氏蜥鯊,依⽒蜥鮫,沙條,伊⽒鋸尾鯊",t0029262,t0029262,accepted,taicol,Animalia,Chordata,Elasmobranchii,Carcharhiniformes,Scyliorhinidae,Galeus,species,Full match
Galeus sauteri,Galeus sauteri,Galeus sauteri,1,"Galeus sauteri (Jordan & Richardson, 1909)",Galeus sauteri,"梭氏蜥鯊,沙⿂,梭⽒蜥,沙條,沙⽒鋸尾鯊,⽔頸仔",t0029263,t0029263,accepted,taicol,Animalia,Chordata,Elasmobranchii,Carcharhiniformes,Scyliorhinidae,Galeus,species,Full match
Gavialiceps taiwanensis,Gavialiceps taiwanensis,Gavialiceps taiwanensis,1,"Gavialiceps taiwanensis (Chen & Weng, 1967)",Gavialiceps taiwanensis,"臺灣絲尾海鰻,臺灣鱷頭鰻,台灣絲尾海鰻,海鰻,台灣鱷頭鰻",t0029290,t0029290,accepted,taicol,Animalia,Chordata,Actinopteri,Anguilliformes,Congridae,Gavialiceps,species,Full match
Myctophidae,Myctophidae,Myctophidae,1,Myctophidae,Myctophidae,燈籠魚科,t0004108,t0004108,accepted,taicol,Animalia,Chordata,Actinopteri,Myctophiformes,Myctophidae,,family,Full match
Sternoptychidae,Sternoptychidae,Sternoptychidae,1,Sternoptychidae,Sternoptychidae,褶胸魚科,t0004735,t0004735,accepted,taicol,Animalia,Chordata,Actinopteri,Stomiatiformes,Sternoptychidae,,family,Full match
Stomiidae,Stomiidae,Stomiidae,1,Stomiidae,Stomiidae,巨口魚科,t0004741,t0004741,accepted,taicol,Animalia,Chordata,Actinopteri,Stomiatiformes,Stomiidae,,family,Full match
Gephyroberyx japonicus,Gephyroberyx japonicus,Gephyroberyx japonicus,1,"Gephyroberyx japonicus (Döderlein, 1883)",Gephyroberyx japonicus,"日本橋燧鯛,⽇本橋棘鯛,燧鯛",t0029313,t0029313,accepted,taicol,Animalia,Chordata,Actinopteri,Trachichthyiformes,Trachichthyidae,Gephyroberyx,species,Full match
Glyptophidium japonicum,Glyptophidium japonicum,Glyptophidium japonicum,1,"Glyptophidium japonicum Kamohara, 1936",Glyptophidium japonicum,日本曲鼬䲁,t0106748,t0106748,accepted,taicol,Animalia,Chordata,Actinopteri,Ophidiiformes,Ophidiidae,Glyptophidium,species,Full match
Glyptophidium lucidum,Glyptophidium lucidum,Glyptophidium lucidum,1,"Glyptophidium lucidum Smith & Radcliffe, 1913",Glyptophidium lucidum,"光曲鼬魚,鼬⿂,光曲鼬鳚",t0051201,t0051201,accepted,taicol,Animalia,Chordata,Actinopteri,Ophidiiformes,Ophidiidae,Glyptophidium,species,Full match
Gnathophis nystromi ginanago,Gnathophis nystromi ginanago,,,,,,,,,,,,,,,,,No match
Gonorynchus abbreviatus,Gonorynchus abbreviatus,Gonorynchus abbreviatus,1,"Gonorynchus abbreviatus Temminck & Schlegel, 1846",Gonorynchus abbreviatus,"鼠鱚,⼟鰍,⽼⿏梭",t0051223,t0051223,accepted,taicol,Animalia,Chordata,Actinopteri,Gonorynchiformes,Gonorynchidae,Gonorynchus,species,Full match
Gonostoma atlanticum,Gonostoma atlanticum,Gonostoma atlanticum,1,"Gonostoma atlanticum Norman, 1930",Gonostoma atlanticum,"大西洋鑽光魚,光⿂,西鑽光⿂",t0051224,t0051224,accepted,taicol,Animalia,Chordata,Actinopteri,Stomiatiformes,Gonostomatidae,Gonostoma,species,Full match
Gonostoma elongatum,Gonostoma elongatum,Gonostoma elongatum,1,"Gonostoma elongatum Günther, 1878",Gonostoma elongatum,"長纖鑽光魚,⾧鑽光⿂,光⿂",t0032838,t0032838,not-accepted,taicol,Animalia,Chordata,Actinopteri,Stomiatiformes,Gonostomatidae,Sigmops,species,Full match
Sigmops gracilis,Sigmops gracilis,Sigmops gracilis,1,"Sigmops gracilis (Günther, 1878)",Sigmops gracilis,"纖鑽光魚,柔⾝纖鑽光⿂,光⿂",t0032839,t0032839,accepted,taicol,Animalia,Chordata,Actinopteri,Stomiatiformes,Gonostomatidae,Sigmops,species,Full match
Gonostoma gracile,Gonostoma gracile,Gonostoma gracile,1,"Gonostoma gracile Günther, 1878",Gonostoma gracile,"纖鑽光魚,柔⾝纖鑽光⿂,光⿂",t0032839,t0032839,not-accepted,taicol,Animalia,Chordata,Actinopteri,Stomiatiformes,Gonostomatidae,Sigmops,species,Full match
Gymnothorax,Gymnothorax,Gymnothorax,1,"Gymnothorax Bloch, 1795",Gymnothorax,裸胸鯙屬,t0020319,t0020319,accepted,taicol,Animalia,Chordata,Actinopteri,Anguilliformes,Muraenidae,Gymnothorax,genus,Full match
Halicmetus reticulatus,Halicmetus reticulatus,Halicmetus reticulatus,1,"Halicmetus reticulatus Smith & Radcliffe, 1912",Halicmetus reticulatus,"網紋牙棘茄魚,棘茄⿂",t0051281,t0051281,accepted,taicol,Animalia,Chordata,Actinopteri,Lophiiformes,Ogcocephalidae,Halicmetus,species,Full match
Halicmetus ruber,Halicmetus ruber,Halicmetus ruber,1,"Halicmetus ruber Alcock, 1891",Halicmetus ruber,"紅牙棘茄魚,棘茄⿂",t0029505,t0029505,accepted,taicol,Animalia,Chordata,Actinopteri,Lophiiformes,Ogcocephalidae,Halicmetus,species,Full match
Halicmetus,Halicmetus,Halicmetus,1,Halicmetus,Halicmetus,牙棘茄魚屬,t0020378,t0020378,accepted,taicol,Animalia,Chordata,Actinopteri,Lophiiformes,Ogcocephalidae,Halicmetus,genus,Full match
Halieutopsis bathyoreos,Halieutopsis bathyoreos,,,,,,,,,,,,,,,,,No match
Halieutopsis galatea,Halieutopsis galatea,,,,,,,,,,,,,,,,,No match
Halieutopsis micropa,Halieutopsis micropa,Halieutopsis micropa,1,"Halieutopsis micropa (Alcock, 1891)",Halieutopsis micropa,"小足腔蝠魚,扁頭棘茄⿂",t0030616,t0030616,not-accepted,taicol,Animalia,Chordata,Actinopteri,Lophiiformes,Ogcocephalidae,Coelophrys,species,Full match
Halieutopsis,Halieutopsis,Halieutopsis,1,Halieutopsis,Halieutopsis,擬棘茄魚屬,t0020382,t0020382,accepted,taicol,Animalia,Chordata,Actinopteri,Lophiiformes,Ogcocephalidae,Halieutopsis,genus,Full match
Halieutopsis tumifrons,Halieutopsis tumifrons,,,,,,,,,,,,,,,,,No match
Halosauropsis macrochir,Halosauropsis macrochir,Halosauropsis macrochir,1,"Halosauropsis macrochir (Günther, 1878)",Halosauropsis macrochir,短吻擬海蜥魚,t0029525,t0029525,accepted,taicol,Animalia,Chordata,Actinopteri,Notacanthiformes,Halosauridae,Halosauropsis,species,Full match
Harpadon microchir,Harpadon microchir,Harpadon microchir,1,"Harpadon microchir Günther, 1878",Harpadon microchir,"小鰭鐮齒魚,短臂⿓頭⿂,那哥,粉粘,⽔狗⽏",t0051296,t0051296,accepted,taicol,Animalia,Chordata,Actinopteri,Aulopiformes,Synodontidae,Harpadon,species,Full match
Helicolenus hilgendorfii,Helicolenus hilgendorfii,Helicolenus hilgendorfii,1,"Helicolenus hilgendorfii (Döderlein, 1884)",Helicolenus hilgendorfii,"赫氏無鰾鮋,無鰾鮋,紅⿊喉,⿊肚,虎格,⽯頭⿂,深海⽯狗公,紅虎⿂",t0029564,t0029564,accepted,taicol,Animalia,Chordata,Actinopteri,Perciformes,Scorpaenidae,Helicolenus,species,Full match
Himantolophus,Himantolophus,Himantolophus,1,Himantolophus,Himantolophus,鞭冠鮟鱇屬,t0020712,t0020712,accepted,taicol,Animalia,Chordata,Actinopteri,Lophiiformes,Himantolophidae,Himantolophus,genus,Full match
Histiobranchus bathybius,Histiobranchus bathybius,Histiobranchus bathybius,1,"Histiobranchus bathybius (Günther, 1877)",Histiobranchus bathybius,"深海旗鰓鰻,合鰓鰻,旗鰓鰻",t0029713,t0029713,accepted,taicol,Animalia,Chordata,Actinopteri,Anguilliformes,Synaphobranchidae,Histiobranchus,species,Full match
Holcomycteronus aequatoris,Holcomycteronus aequatoris,Holcomycteronus aequatoris,1,"Holcomycteronus aequatoris (Smith & Radcliffe, 1913)",Holcomycteronus aequatoris,"深海鈍吻鼬魚,深海鈍吻鼬鳚,鼬⿂",t0029719,t0029719,accepted,taicol,Animalia,Chordata,Actinopteri,Ophidiiformes,Ophidiidae,Holcomycteronus,species,Full match
Homostolus acer,Homostolus acer,Homostolus acer,1,"Homostolus acer Smith & Radcliffe, 1913",Homostolus acer,"長趾鼬魚,⾧趾鼬鳚,鼬⿂",t0051401,t0051401,accepted,taicol,Animalia,Chordata,Actinopteri,Ophidiiformes,Ophidiidae,Homostolus,species,Full match
Hoplichthys gilberti,Hoplichthys gilberti,Hoplichthys gilberti,1,"Hoplichthys gilberti Jordan & Richardson, 1908",Hoplichthys gilberti,"吉氏針鯒,針⽜尾,吉⽒棘鯒",t0051403,t0051403,accepted,taicol,Animalia,Chordata,Actinopteri,Perciformes,Hoplichthyidae,Hoplichthys,species,Full match
Hoplobrotula armata,Hoplobrotula armata,Hoplobrotula armata,1,"Hoplobrotula armata (Temminck & Schlegel, 1846)",Hoplobrotula armata,"棘鼬魚,海鯰,棘鼬鳚,鼬⿂",t0029741,t0029741,accepted,taicol,Animalia,Chordata,Actinopteri,Ophidiiformes,Ophidiidae,Hoplobrotula,species,Full match
Hoplostethus crassispinus,Hoplostethus crassispinus,Hoplostethus crassispinus,1,"Hoplostethus crassispinus Kotlyar, 1980",Hoplostethus crassispinus,"重胸燧鯛,重胸棘鯛,燧鯛",t0051416,t0051416,accepted,taicol,Animalia,Chordata,Actinopteri,Trachichthyiformes,Trachichthyidae,Hoplostethus,species,Full match
Hoplostethus melanopterus,Hoplostethus melanopterus,,,,,,,,,,,,,,,,,No match
Hoplostethus melanopus,Hoplostethus melanopus,Hoplostethus melanopus,1,"Hoplostethus melanopus (Weber, 1913)",Hoplostethus melanopus,"黑首胸燧鯛,⿊⾸胸棘鯛,燧鯛,⿊⾸燧鯛",t0029744,t0029744,accepted,taicol,Animalia,Chordata,Actinopteri,Trachichthyiformes,Trachichthyidae,Hoplostethus,species,Full match
Hoplostethus,Hoplostethus,Hoplostethus,1,Hoplostethus,Hoplostethus,胸燧鯛屬,t0020844,t0020844,accepted,taicol,Animalia,Chordata,Actinopteri,Trachichthyiformes,Trachichthyidae,Hoplostethus,genus,Full match
Howella zina,Howella zina,Howella zina,1,"Howella zina Fedoryako, 1976",Howella zina,"腭齒尖棘鯛,⿊⼤⾯側仔",t0051420,t0051420,accepted,taicol,Animalia,Chordata,Actinopteri,Centrarchiformes,Percichthyidae,Howella,species,Full match
Hydrolagus mitsukurii,Hydrolagus mitsukurii,Hydrolagus mitsukurii,1,"Hydrolagus mitsukurii (Jordan & Snyder, 1904)",Hydrolagus mitsukurii,"箕作氏兔銀鮫,⿏⿂,⿊翅沙,箕作⽒兔銀鮫(冬兔銀鮫",t0029774,t0029774,accepted,taicol,Animalia,Chordata,Holocephali,Chimaeriformes,Chimaeridae,Hydrolagus,species,Full match
Hygophum reinhardtii,Hygophum reinhardtii,Hygophum reinhardtii,1,"Hygophum reinhardtii (Lütken, 1892)",Hygophum reinhardtii,"萊氏壯燈魚,光⿂,燈籠⿂,七星⿂",t0029784,t0029784,accepted,taicol,Animalia,Chordata,Actinopteri,Myctophiformes,Myctophidae,Hygophum,species,Full match
Hymenocephalus lethonemus,Hymenocephalus lethonemus,Hymenocephalus lethonemus,1,"Hymenocephalus lethonemus Jordan & Gilbert, 1904",Hymenocephalus lethonemus,"刺吻膜首鱈,鱈⿂",t0051449,t0051449,accepted,taicol,Animalia,Chordata,Actinopteri,Gadiformes,Macrouridae,Hymenocephalus,species,Full match
Hymenocephalus longiceps,Hymenocephalus longiceps,Hymenocephalus longiceps,1,"Hymenocephalus longiceps Smith & Radcliffe, 1912",Hymenocephalus longiceps,"長頭膜首鱈,鱈⿂",t0051450,t0051450,accepted,taicol,Animalia,Chordata,Actinopteri,Gadiformes,Macrouridae,Hymenocephalus,species,Full match
Hymenocephalus longipes,Hymenocephalus longipes,,,,,,,,,,,,,,,,,No match
Hymenocephalus,Hymenocephalus,Hymenocephalus,1,Hymenocephalus,Hymenocephalus,膜首鱈屬,t0020950,t0020950,accepted,taicol,Animalia,Chordata,Actinopteri,Gadiformes,Macrouridae,Hymenocephalus,genus,Full match
Hymenocephalus striatissimus striatissimus,Hymenocephalus striatissimus striatissimus,Hymenocephalus striatissimus striatissimus,1,"Hymenocephalus striatissimus striatissimus Jordan & Gilbert, 1904",Hymenocephalus striatissimus striatissimus,"紋喉膜首鱈,鱈⿂",t0084823,t0084823,accepted,taicol,Animalia,Chordata,Actinopteri,Gadiformes,Macrouridae,Hymenocephalus,subspecies,Full match
Hymenocephalus gracilis,Hymenocephalus gracilis,Hymenocephalus gracilis,1,"Hymenocephalus gracilis Gilbert & Hubbs, 1920",Hymenocephalus gracilis,"細身膜首鱈,鱈⿂",t0051448,t0051448,accepted,taicol,Animalia,Chordata,Actinopteri,Gadiformes,Macrouridae,Hymenocephalus,species,Full match
Idiacanthidae,Idiacanthidae,,,,,,,,,,,,,,,,,No match
Ilyophis brunneus,Ilyophis brunneus,Ilyophis brunneus,1,"Ilyophis brunneus Gilbert, 1891",Ilyophis brunneus,"褐泥蛇鰻,合鰓鰻,軟泥鰻",t0051556,t0051556,accepted,taicol,Animalia,Chordata,Actinopteri,Anguilliformes,Synaphobranchidae,Ilyophis,species,Full match
Kuronezumia macronema,Kuronezumia macronema,,,,,,,,,,,,,,,,,No match
Laemonema palauense,Laemonema palauense,Laemonema palauense,1,"Laemonema palauense (Okamura, 1982)",Laemonema palauense,"玫紅絲鰭鱈,鱈⿂",t0051614,t0051614,not-accepted,taicol,Animalia,Chordata,Actinopteri,Gadiformes,Moridae,Laemonema,species,Full match
Lampadena urophaos urophaos,Lampadena urophaos urophaos,,,,,,,,,,,,,,,,,No match
Lampanyctus alatus,Lampanyctus alatus,Lampanyctus alatus,1,"Lampanyctus alatus Goode & Bean, 1896",Lampanyctus alatus,"翼珍燈魚,細斑珍燈⿂,光⿂,燈籠⿂,七星⿂",t0027294,t0027294,accepted,taicol,Animalia,Chordata,Actinopteri,Myctophiformes,Myctophidae,Lampanyctus,species,Full match
Lampanyctus festivus,Lampanyctus festivus,,,,,,,,,,,,,,,,,No match
Lampanyctus nobilis,Lampanyctus nobilis,Lampanyctus nobilis,1,"Lampanyctus nobilis Tåning, 1928",Lampanyctus nobilis,"諾貝珍燈魚,光⿂,七星⿂,燈籠⿂,名珍燈⿂",t0051623,t0051623,accepted,taicol,Animalia,Chordata,Actinopteri,Myctophiformes,Myctophidae,Lampanyctus,species,Full match
Lampanyctus,Lampanyctus,Lampanyctus,1,Lampanyctus,Lampanyctus,珍燈魚屬,t0021484,t0021484,accepted,taicol,Animalia,Chordata,Actinopteri,Myctophiformes,Myctophidae,Lampanyctus,genus,Full match
Lamprogrammus brunswigi,Lamprogrammus brunswigi,Lamprogrammus brunswigi,1,"Lamprogrammus brunswigi (Brauer, 1906)",Lamprogrammus brunswigi,"布氏軟鼬魚,布⽒軟鼬鳚,鼬⿂",t0027300,t0027300,accepted,taicol,Animalia,Chordata,Actinopteri,Ophidiiformes,Ophidiidae,Lamprogrammus,species,Full match
Lepidotrigla hime,Lepidotrigla hime,Lepidotrigla hime,1,"Lepidotrigla hime Matsubara & Hiyama, 1932",Lepidotrigla hime,"姬鱗角魚,姬紅娘⿂,雞⾓,⾓仔⿂,姬⾓⿂",t0051671,t0051671,accepted,taicol,Animalia,Chordata,Actinopteri,Perciformes,Triglidae,Lepidotrigla,species,Full match
Leptoderma lubricum,Leptoderma lubricum,,,,,,,,,,,,,,,,,No match
Leptoderma retropinna,Leptoderma retropinna,Leptoderma retropinna,1,"Leptoderma retropinna Fowler, 1943",Leptoderma retropinna,"連尾細皮黑頭魚,⿊頭⿂,連尾細⽪平頭⿂",t0051676,t0051676,accepted,taicol,Animalia,Chordata,Actinopteri,Alepocephaliformes,Alepocephalidae,Leptoderma,species,Full match
Lestrolepis japonica,Lestrolepis japonica,Lestrolepis japonica,1,"Lestrolepis japonica (Tanaka, 1908)",Lestrolepis japonica,"日本光鱗魚,裸狗⽏⿂",t0027421,t0027421,accepted,taicol,Animalia,Chordata,Actinopteri,Aulopiformes,Paralepididae,Lestrolepis,species,Full match
Linophryne indica,Linophryne indica,Linophryne indica,1,"Linophryne indica (Brauer, 1902)",Linophryne indica,"印度鬚鮟鱇,印度鬚⾓鮟鱇,印度樹鬚⿂,深海鮟鱇",t0027472,t0027472,accepted,taicol,Animalia,Chordata,Actinopteri,Lophiiformes,Linophrynidae,Linophryne,species,Full match
Linophryne,Linophryne,Linophryne,1,Linophryne,Linophryne,鬚鮟鱇屬,t0021844,t0021844,accepted,taicol,Animalia,Chordata,Actinopteri,Lophiiformes,Linophrynidae,Linophryne,genus,Full match
Lophiodes mutilus,Lophiodes mutilus,Lophiodes mutilus,1,"Lophiodes mutilus (Alcock, 1894)",Lophiodes mutilus,"大眼擬鮟鱇,鮟鱇,光擬鮟鱇",t0027561,t0027561,accepted,taicol,Animalia,Chordata,Actinopteri,Lophiiformes,Lophiidae,Lophiodes,species,Full match
Luciobrotula bartschi,Luciobrotula bartschi,Luciobrotula bartschi,1,"Luciobrotula bartschi Smith & Radcliffe, 1913",Luciobrotula bartschi,"巴奇氏矛鼬魚,巴奇⽒⽭鼬鳚,鼬⿂,⽭鼬⿂",t0051771,t0051771,accepted,taicol,Animalia,Chordata,Actinopteri,Ophidiiformes,Ophidiidae,Luciobrotula,species,Full match
Macrocephenchelys brevirostris,Macrocephenchelys brevirostris,Macrocephenchelys brevirostris,1,"Macrocephenchelys brevirostris (Chen & Weng, 1967)",Macrocephenchelys brevirostris,"短吻大頭糯鰻,糯⽶鰻,海鰻,⽳⼦鰻,沙鰻,臭腥鰻",t0027693,t0027693,accepted,taicol,Animalia,Chordata,Actinopteri,Anguilliformes,Congridae,Macrocephenchelys,species,Full match
Macrouridae,Macrouridae,Macrouridae,1,Macrouridae,Macrouridae,鼠尾鱈科,t0006372,t0006372,accepted,taicol,Animalia,Chordata,Actinopteri,Gadiformes,Macrouridae,,family,Full match
Malacocephalus boretzi,Malacocephalus boretzi,,,,,,,,,,,,,,,,,No match
Malacocephalus laevis,Malacocephalus laevis,Malacocephalus laevis,1,"Malacocephalus laevis (Lowe, 1843)",Malacocephalus laevis,"滑軟首鱈,軟頭條鱈,鱈⿂",t0027736,t0027736,accepted,taicol,Animalia,Chordata,Actinopteri,Gadiformes,Macrouridae,Malacocephalus,species,Full match
Malakichthys elegans,Malakichthys elegans,Malakichthys elegans,1,"Malakichthys elegans Matsubara & Yamaguti, 1943",Malakichthys elegans,"美軟魚,⼤⾯側仔",t0051822,t0051822,accepted,taicol,Animalia,Chordata,Actinopteri,Acropomatiformes,Malakichthyidae,Malakichthys,species,Full match
Malakichthys wakiyae,Malakichthys wakiyae,Malakichthys wakiyae,1,"Malakichthys wakiyae Jordan & Hubbs, 1925",Malakichthys wakiyae,"脅谷軟魚,⼤⾯側仔",t0051824,t0051824,accepted,taicol,Animalia,Chordata,Actinopteri,Acropomatiformes,Malakichthyidae,Malakichthys,species,Full match
Malthopsis mitrigera,Malthopsis mitrigera,Malthopsis mitrigera,1,"Malthopsis mitrigera Gilbert & Cramer, 1897",Malthopsis mitrigera,"鈎棘海蝠魚,棘茄⿂",t0051832,t0051832,accepted,taicol,Animalia,Chordata,Actinopteri,Lophiiformes,Ogcocephalidae,Malthopsis,species,Full match
Margrethia obtusirostra,Margrethia obtusirostra,,,,,,,,,,,,,,,,,No match
Margrethia,Margrethia,,,,,,,,,,,,,,,,,No match
Mataeocephalus adustus,Mataeocephalus adustus,,,,,,,,,,,,,,,,,No match
Mataeocephalus,Mataeocephalus,Mataeocephalus,1,Mataeocephalus,Mataeocephalus,愚首鱈屬,t0022339,t0022339,accepted,taicol,Animalia,Chordata,Actinopteri,Gadiformes,Macrouridae,Mataeocephalus,genus,Full match
Melanocetus johnsonii,Melanocetus johnsonii,Melanocetus johnsonii,1,"Melanocetus johnsonii Günther, 1864",Melanocetus johnsonii,"約氏黑鮟鱇,約⽒⿊犀⿂,深海鮟鱇",t0027876,t0027876,accepted,taicol,Animalia,Chordata,Actinopteri,Lophiiformes,Melanocetidae,Melanocetus,species,Full match
Melanocetus murrayi,Melanocetus murrayi,Melanocetus murrayi,1,"Melanocetus murrayi Günther, 1887",Melanocetus murrayi,"短柄黑鮟鱇,短炳⿊⾓鮟鱇,短柄⿊犀⿂,深海鮟鱇",t0051870,t0051870,accepted,taicol,Animalia,Chordata,Actinopteri,Lophiiformes,Melanocetidae,Melanocetus,species,Full match
Melanonus zugmayeri,Melanonus zugmayeri,Melanonus zugmayeri,1,"Melanonus zugmayeri Norman, 1930",Melanonus zugmayeri,"黑頭鱈,⼤洋⿊鱈",t0106780,t0106780,accepted,taicol,Animalia,Chordata,Actinopteri,Gadiformes,Melanonidae,Melanonus,species,Full match
Melanostomiidae,Melanostomiidae,,,,,,,,,,,,,,,,,No match
Monomitopus kumae,Monomitopus kumae,Monomitopus kumae,1,"Monomitopus kumae Jordan & Hubbs, 1925",Monomitopus kumae,"熊吉單趾鼬魚,熊吉單趾鼬鳚,鼬⿂",t0051943,t0051943,accepted,taicol,Animalia,Chordata,Actinopteri,Ophidiiformes,Ophidiidae,Monomitopus,species,Full match
Monomitopus pallidus,Monomitopus pallidus,Monomitopus pallidus,1,"Monomitopus pallidus Smith & Radcliffe, 1913",Monomitopus pallidus,"重齒單趾鼬魚,重⿒單趾鼬鳚,鼬⿂",t0051944,t0051944,accepted,taicol,Animalia,Chordata,Actinopteri,Ophidiiformes,Ophidiidae,Monomitopus,species,Full match
Nansenia ardesiaca,Nansenia ardesiaca,Nansenia ardesiaca,1,"Nansenia ardesiaca Jordan & Thompson, 1914",Nansenia ardesiaca,"南氏魚,兔鮭",t0028223,t0028223,accepted,taicol,Animalia,Chordata,Actinopteri,Argentiniformes,Microstomatidae,Nansenia,species,Full match
Narcetes kamoharai,Narcetes kamoharai,,,,,,,,,,,,,,,,,No match
Narcetes,Narcetes,Narcetes,1,Narcetes,Narcetes,黑口魚屬,t0012763,t0012763,accepted,taicol,Animalia,Chordata,Actinopteri,Alepocephaliformes,Alepocephalidae,Narcetes,genus,Full match
Nemichthys scolopaceus,Nemichthys scolopaceus,Nemichthys scolopaceus,1,"Nemichthys scolopaceus Richardson, 1848",Nemichthys scolopaceus,"線鰻,線鰻(線⼝鰻)",t0028266,t0028266,accepted,taicol,Animalia,Chordata,Actinopteri,Anguilliformes,Nemichthyidae,Nemichthys,species,Full match
Nemichthys,Nemichthys,Nemichthys,1,Nemichthys,Nemichthys,線鰻屬,t0012835,t0012835,accepted,taicol,Animalia,Chordata,Actinopteri,Anguilliformes,Nemichthyidae,Nemichthys,genus,Full match
Neobythites fasciatus,Neobythites fasciatus,Neobythites fasciatus,1,"Neobythites fasciatus Smith & Radcliffe, 1913",Neobythites fasciatus,"橫帶新鼬魚,鼬⿂,橫帶新鼬鳚",t0052058,t0052058,accepted,taicol,Animalia,Chordata,Actinopteri,Ophidiiformes,Ophidiidae,Neobythites,species,Full match
Neobythites longipes,Neobythites longipes,Neobythites longipes,1,"Neobythites longipes Smith & Radcliffe, 1913",Neobythites longipes,"長新鼬魚,鼬⿂,⾧新鼬鳚",t0052059,t0052059,accepted,taicol,Animalia,Chordata,Actinopteri,Ophidiiformes,Ophidiidae,Neobythites,species,Full match
Neobythites sivicola,Neobythites sivicola,Neobythites sivicola,1,"Neobythites sivicola (Jordan & Snyder, 1901)",Neobythites sivicola,"黑潮新鼬魚,⿊潮新鼬鳚,鼬⿂,新鼬⿂",t0028279,t0028279,accepted,taicol,Animalia,Chordata,Actinopteri,Ophidiiformes,Ophidiidae,Neobythites,species,Full match
Neobythites,Neobythites,Neobythites,1,Neobythites,Neobythites,新鼬鳚屬,t0012852,t0012852,accepted,taicol,Animalia,Chordata,Actinopteri,Ophidiiformes,Ophidiidae,Neobythites,genus,Full match
Neobythites stigmosus,Neobythites stigmosus,Neobythites stigmosus,1,"Neobythites stigmosus Machida, 1984",Neobythites stigmosus,"多斑新鼬魚,多斑新鼬鳚,斑新鼬⿂,鼬⿂",t0052060,t0052060,accepted,taicol,Animalia,Chordata,Actinopteri,Ophidiiformes,Ophidiidae,Neobythites,species,Full match
Neoscopelus macrolepidotus,Neoscopelus macrolepidotus,Neoscopelus macrolepidotus,1,"Neoscopelus macrolepidotus Johnson, 1863",Neoscopelus macrolepidotus,"大鱗新燈魚,⼤鱗新燈籠⿂,光⿂,燈籠⿂,七星⿂",t0031093,t0031093,accepted,taicol,Animalia,Chordata,Actinopteri,Myctophiformes,Neoscopelidae,Neoscopelus,species,Full match
Neoscopelus microchir,Neoscopelus microchir,Neoscopelus microchir,1,"Neoscopelus microchir Matsubara, 1943",Neoscopelus microchir,"小鰭新燈魚,光⿂,短鰭新燈籠⿂,燈籠⿂,七星⿂",t0052080,t0052080,accepted,taicol,Animalia,Chordata,Actinopteri,Myctophiformes,Neoscopelidae,Neoscopelus,species,Full match
Neoscopelus porosus,Neoscopelus porosus,Neoscopelus porosus,1,"Neoscopelus porosus Arai, 1969",Neoscopelus porosus,"多孔新燈魚,燈籠⿂,光⿂,多孔新燈籠⿂,七星⿂",t0052081,t0052081,accepted,taicol,Animalia,Chordata,Actinopteri,Myctophiformes,Neoscopelidae,Neoscopelus,species,Full match
Nettastoma solitarium,Nettastoma solitarium,Nettastoma solitarium,1,"Nettastoma solitarium Castle & Smith, 1981",Nettastoma solitarium,"前鼻鴨嘴鰻,絲仔鰻,前⿐絲鰻(前⿐鴨嘴鰻)",t0052090,t0052090,accepted,taicol,Animalia,Chordata,Actinopteri,Anguilliformes,Nettastomatidae,Nettastoma,species,Full match
Nettenchelys gephyra,Nettenchelys gephyra,Nettenchelys gephyra,1,"Nettenchelys gephyra Castle & Smith, 1981",Nettenchelys gephyra,橋鴨蛇鰻,t0052091,t0052091,accepted,taicol,Animalia,Chordata,Actinopteri,Anguilliformes,Nettastomatidae,Nettenchelys,species,Full match
Nezumia condylura,Nezumia condylura,Nezumia condylura,1,"Nezumia condylura Jordan & Gilbert, 1904",Nezumia condylura,"獅鼻奈氏鱈,鱈⿂",t0052095,t0052095,accepted,taicol,Animalia,Chordata,Actinopteri,Gadiformes,Macrouridae,Nezumia,species,Full match
Nezumia evides,Nezumia evides,Nezumia evides,1,"Nezumia evides (Gilbert & Hubbs, 1920)",Nezumia evides,"俊奈氏鱈,鱈⿂",t0031138,t0031138,accepted,taicol,Animalia,Chordata,Actinopteri,Gadiformes,Macrouridae,Nezumia,species,Full match
Nezumia,Nezumia,Nezumia,1,Nezumia,Nezumia,庫隆長尾鱈屬,t0013095,t0013095,accepted,taicol,Animalia,Chordata,Actinopteri,Gadiformes,Macrouridae,Nezumia,genus,Full match
Nezumia spinosa,Nezumia spinosa,Nezumia spinosa,1,"Nezumia spinosa (Gilbert & Hubbs, 1916)",Nezumia spinosa,"長棘奈氏鱈,鱈⿂",t0031140,t0031140,accepted,taicol,Animalia,Chordata,Actinopteri,Gadiformes,Macrouridae,Nezumia,species,Full match
Notacanthus abbotti,Notacanthus abbotti,Notacanthus abbotti,1,"Notacanthus abbotti Fowler, 1934",Notacanthus abbotti,"長吻背棘魚,背棘⿂",t0052133,t0052133,accepted,taicol,Animalia,Chordata,Actinopteri,Notacanthiformes,Notacanthidae,Notacanthus,species,Full match
Notoraja tobitukai,Notoraja tobitukai,Notoraja tobitukai,1,"Notoraja tobitukai (Hiyama, 1940)",Notoraja tobitukai,"日本隆背鰩,⽇本隆背鰩(短鰩),魴仔,隆背鯆魮",t0031186,t0031186,accepted,taicol,Animalia,Chordata,Elasmobranchii,Rajiformes,Rajidae,Notoraja,species,Full match
Notoscopelus resplendens,Notoscopelus resplendens,Notoscopelus resplendens,1,"Notoscopelus resplendens (Richardson, 1845)",Notoscopelus resplendens,"閃光背燈魚,光⿂,燈籠⿂,七星⿂",t0031189,t0031189,accepted,taicol,Animalia,Chordata,Actinopteri,Myctophiformes,Myctophidae,Notoscopelus,species,Full match
Oneirodes carlsbergi,Oneirodes carlsbergi,Oneirodes carlsbergi,1,"Oneirodes carlsbergi (Regan & Trewavas, 1932)",Oneirodes carlsbergi,"卡氏夢鮟鱇,卡⽒夢⾓鮟鱇,深海鮟鱇",t0031286,t0031286,accepted,taicol,Animalia,Chordata,Actinopteri,Lophiiformes,Oneirodidae,Oneirodes,species,Full match
Oneirodes pietschi,Oneirodes pietschi,Oneirodes pietschi,1,"Oneirodes pietschi Ho & Shao, 2004",Oneirodes pietschi,"皮氏夢鮟鱇,深海鮟鱇,⽪⽒夢⾓鮟鱇",t0052203,t0052203,accepted,taicol,Animalia,Chordata,Actinopteri,Lophiiformes,Oneirodidae,Oneirodes,species,Full match
Oneirodes,Oneirodes,Oneirodes,1,Oneirodes,Oneirodes,夢鮟鱇屬,t0013447,t0013447,accepted,taicol,Animalia,Chordata,Actinopteri,Lophiiformes,Oneirodidae,Oneirodes,genus,Full match
Ophidiidae,Ophidiidae,Ophidiidae,1,Ophidiidae,Ophidiidae,鼬鳚科,t0004213,t0004213,accepted,taicol,Animalia,Chordata,Actinopteri,Ophidiiformes,Ophidiidae,,family,Full match
Ostracoberyx dorygenys,Ostracoberyx dorygenys,Ostracoberyx dorygenys,1,"Ostracoberyx dorygenys Fowler, 1934",Ostracoberyx dorygenys,"矛狀巨棘鱸,⽭狀鰃鱸,過⿂,鱠",t0052289,t0052289,accepted,taicol,Animalia,Chordata,Actinopteri,Pempheriformes,Ostracoberycidae,Ostracoberyx,species,Full match
Eptatretus yangi,Eptatretus yangi,Eptatretus yangi,1,"Eptatretus yangi (Teng, 1958)",Eptatretus yangi,"楊氏黏盲鰻,⾭眠鰻,無⽬鰻,⿓筋,鰻背",t0028999,t0028999,accepted,taicol,Animalia,Chordata,Myxini,Myxiniformes,Myxinidae,Eptatretus,species,Full match
Paratriacanthodes retrospinis,Paratriacanthodes retrospinis,Paratriacanthodes retrospinis,1,"Paratriacanthodes retrospinis Fowler, 1934",Paratriacanthodes retrospinis,"倒棘副三棘魨,三刺魨,三腳釘,三⾓狄",t0052454,t0052454,accepted,taicol,Animalia,Chordata,Actinopteri,Tetraodontiformes,Triacanthodidae,Paratriacanthodes,species,Full match
Parmaturus melanobranchus,Parmaturus melanobranchus,Parmaturus melanobranchus,1,"Parmaturus melanobranchus (Chan, 1966)",Parmaturus melanobranchus,"黑鰓盾尾鯊,沙⿂,⿊鰓貓鮫",t0031625,t0031625,accepted,taicol,Animalia,Chordata,Elasmobranchii,Carcharhiniformes,Scyliorhinidae,Parmaturus,species,Full match
Pavoraja,Pavoraja,,,,,,,,,,,,,,,,,No match
Peristedion liorhynchus,Peristedion liorhynchus,Peristedion liorhynchus,1,"Peristedion liorhynchus (Günther, 1872)",Peristedion liorhynchus,"光吻黃魴鮄,雞⾓,⾓仔⿂",t0031746,t0031746,accepted,taicol,Animalia,Chordata,Actinopteri,Perciformes,Peristediidae,Peristedion,species,Full match
Peristedion nierstraszi,Peristedion nierstraszi,Peristedion nierstraszi,1,"Peristedion nierstraszi Weber, 1913",Peristedion nierstraszi,"里氏黃魴鮄,⿊帶⿈魴鮄",t0031747,t0031747,not-accepted,taicol,Animalia,Chordata,Actinopteri,Perciformes,Peristediidae,Peristedion,species,Full match
Peristedion orientale,Peristedion orientale,Peristedion orientale,1,"Peristedion orientale Temminck & Schlegel, 1843",Peristedion orientale,"東方黃魴鮄,雞⾓,⾶⾓,⾓仔⿂",t0055744,t0055744,accepted,taicol,Animalia,Chordata,Actinopteri,Perciformes,Peristediidae,Peristedion,species,Full match
Phenacoscorpius megalops,Phenacoscorpius megalops,Phenacoscorpius megalops,1,"Phenacoscorpius megalops Fowler, 1938",Phenacoscorpius megalops,"菲律賓偽大眼鮋,⼤眼鮋,⽯頭⿂,⽯狗公",t0055768,t0055768,accepted,taicol,Animalia,Chordata,Actinopteri,Perciformes,Scorpaenidae,Phenacoscorpius,species,Full match
Photonectes albipennis,Photonectes albipennis,Photonectes albipennis,1,"Photonectes albipennis (Döderlein, 1882)",Photonectes albipennis,"白鰭袋巨口魚,巨⼝⿂",t0031843,t0031843,accepted,taicol,Animalia,Chordata,Actinopteri,Stomiatiformes,Stomiidae,Photonectes,species,Full match
Photostomias guernei,Photostomias guernei,Photostomias guernei,1,"Photostomias guernei Collett, 1889",Photostomias guernei,"格氏光巨口魚,巨⼝⿂",t0031845,t0031845,accepted,taicol,Animalia,Chordata,Actinopteri,Stomiatiformes,Stomiidae,Photostomias,species,Full match
Physiculus,Physiculus,Physiculus,1,Physiculus,Physiculus,小褐鱈屬,t0014668,t0014668,accepted,taicol,Animalia,Chordata,Actinopteri,Gadiformes,Moridae,Physiculus,genus,Full match
Physiculus japonicus,Physiculus japonicus,Physiculus japonicus,1,"Physiculus japonicus Hilgendorf, 1879",Physiculus japonicus,"日本小褐鱈,鱈⿂,⽇本鬚稚鱈",t0055806,t0055806,accepted,taicol,Animalia,Chordata,Actinopteri,Gadiformes,Moridae,Physiculus,species,Full match
Physiculus nigripinnis,Physiculus nigripinnis,Physiculus nigripinnis,1,"Physiculus nigripinnis Okamura, 1982",Physiculus nigripinnis,"黑翼小褐鱈,⿊翼鬚稚鱈,鱈⿂",t0055808,t0055808,accepted,taicol,Animalia,Chordata,Actinopteri,Gadiformes,Moridae,Physiculus,species,Full match
Pisodonophis cancrivorus,Pisodonophis cancrivorus,Pisodonophis cancrivorus,1,"Pisodonophis cancrivorus (Richardson, 1848)",Pisodonophis cancrivorus,"食蟹荳齒蛇鰻,鰻仔,硬⾻仔,硬⾻䲂,鰻,硬⾻篡,篡仔,⾷蟹⾖⿒鰻",t0031307,t0031307,accepted,taicol,Animalia,Chordata,Actinopteri,Anguilliformes,Ophichthidae,Pisodonophis,species,Full match
Platyberyx opalescens,Platyberyx opalescens,,,,,,,,,,,,,,,,,No match
Poecilopsetta natalensis,Poecilopsetta natalensis,Poecilopsetta natalensis,1,"Poecilopsetta natalensis Norman, 1931",Poecilopsetta natalensis,"奈脫瓦鰈,半邊⿂,皇帝⿂,扁⿂,⽐⽬⿂,南⾮⽡鰈",t0055863,t0055863,accepted,taicol,Animalia,Chordata,Actinopteri,Pleuronectiformes,Poecilopsettidae,Poecilopsetta,species,Full match
Polyacanthonotus challengeri,Polyacanthonotus challengeri,Polyacanthonotus challengeri,1,"Polyacanthonotus challengeri (Vaillant, 1888)",Polyacanthonotus challengeri,"白令海多刺背棘魚,背棘⿂,多刺背棘⿂",t0032048,t0032048,accepted,taicol,Animalia,Chordata,Actinopteri,Notacanthiformes,Notacanthidae,Polyacanthonotus,species,Full match
Polyipnus danae,Polyipnus danae,Polyipnus danae,1,"Polyipnus danae Harold, 1990",Polyipnus danae,"達納氏燭光魚,海洋斧⿂,斧⿂,銀斧",t0055871,t0055871,accepted,taicol,Animalia,Chordata,Actinopteri,Stomiatiformes,Sternoptychidae,Polyipnus,species,Full match
Polyipnus,Polyipnus,Polyipnus,1,Polyipnus,Polyipnus,燭光魚屬,t0014998,t0014998,accepted,taicol,Animalia,Chordata,Actinopteri,Stomiatiformes,Sternoptychidae,Polyipnus,genus,Full match
Polyipnus stereope,Polyipnus stereope,Polyipnus stereope,1,"Polyipnus stereope Jordan & Starks, 1904",Polyipnus stereope,"閃電燭光魚,海洋斧⿂,斧⿂,銀斧",t0055873,t0055873,accepted,taicol,Animalia,Chordata,Actinopteri,Stomiatiformes,Sternoptychidae,Polyipnus,species,Full match
Polyipnus triphanos,Polyipnus triphanos,Polyipnus triphanos,1,"Polyipnus triphanos Schultz, 1938",Polyipnus triphanos,"三燭光魚,海洋斧⿂,斧⿂,銀斧",t0055875,t0055875,accepted,taicol,Animalia,Chordata,Actinopteri,Stomiatiformes,Sternoptychidae,Polyipnus,species,Full match
Polymetme corythaeola,Polymetme corythaeola,,,,,,,,,,,,,,,,,No match
Polymetme,Polymetme,Polymetme,1,Polymetme,Polymetme,刀光魚屬,t0014999,t0014999,accepted,taicol,Animalia,Chordata,Actinopteri,Stomiatiformes,Phosichthyidae,Polymetme,genus,Full match
Porogadus guentheri,Porogadus guentheri,Porogadus guentheri,1,"Porogadus guentheri Jordan & Fowler, 1902",Porogadus guentheri,"貢氏孔鼬魚,貢⽒孔鼬鳚,鼬⿂",t0055892,t0055892,accepted,taicol,Animalia,Chordata,Actinopteri,Ophidiiformes,Ophidiidae,Porogadus,species,Full match
Porogadus miles,Porogadus miles,Porogadus miles,1,"Porogadus miles Goode & Bean, 1885",Porogadus miles,"頭棘孔鼬魚,頭棘孔鼬鳚,鼬⿂",t0055893,t0055893,accepted,taicol,Animalia,Chordata,Actinopteri,Ophidiiformes,Ophidiidae,Porogadus,species,Full match
Porogadus,Porogadus,Porogadus,1,Porogadus,Porogadus,孔鼬鳚屬,t0015065,t0015065,accepted,taicol,Animalia,Chordata,Actinopteri,Ophidiiformes,Ophidiidae,Porogadus,genus,Full match
Poromitra crassiceps,Poromitra crassiceps,Poromitra crassiceps,1,"Poromitra crassiceps (Günther, 1878)",Poromitra crassiceps,"厚頭犀孔鯛,孔頭鯛",t0032090,t0032090,accepted,taicol,Animalia,Chordata,Actinopteri,Beryciformes,Melamphaidae,Poromitra,species,Full match
Poromitra oscitans,Poromitra oscitans,Poromitra oscitans,1,"Poromitra oscitans Ebeling, 1975",Poromitra oscitans,"小眼犀孔鯛,孔頭鯛",t0055894,t0055894,accepted,taicol,Animalia,Chordata,Actinopteri,Beryciformes,Melamphaidae,Poromitra,species,Full match
Poromitra,Poromitra,Poromitra,1,Poromitra,Poromitra,犀孔鯛屬,t0015066,t0015066,accepted,taicol,Animalia,Chordata,Actinopteri,Beryciformes,Melamphaidae,Poromitra,genus,Full match
Priacanthus fitchi,Priacanthus fitchi,Priacanthus fitchi,1,"Priacanthus fitchi Starnes, 1988",Priacanthus fitchi,"深水大眼鯛,嚴公仔,紅⽬鰱",t0055904,t0055904,accepted,taicol,Animalia,Chordata,Actinopteri,Priacanthiformes,Priacanthidae,Priacanthus,species,Full match
Promethichthys prometheus,Promethichthys prometheus,Promethichthys prometheus,1,"Promethichthys prometheus (Cuvier, 1832)",Promethichthys prometheus,"紫金魚,帶梭,紡錘蛇鯖",t0032156,t0032156,accepted,taicol,Animalia,Chordata,Actinopteri,Scombriformes,Gempylidae,Promethichthys,species,Full match
Pseudocarcharias kamoharai,Pseudocarcharias kamoharai,Pseudocarcharias kamoharai,1,"Pseudocarcharias kamoharai (Matsubara, 1936)",Pseudocarcharias kamoharai,"蒲原氏擬錐齒鯊,⿊棘鮫,鱷鮫,沙⿂",t0032246,t0032246,accepted,taicol,Animalia,Chordata,Elasmobranchii,Lamniformes,Pseudocarchariidae,Pseudocarcharias,species,Full match
Pseudonezumia,Pseudonezumia,Pseudonezumia,1,Pseudonezumia,Pseudonezumia,擬奈氏鱈屬,t0015446,t0015446,accepted,taicol,Animalia,Chordata,Actinopteri,Gadiformes,Macrouridae,Pseudonezumia,genus,Full match
Pseudonus,Pseudonus,Pseudonus,1,Pseudonus,Pseudonus,擬鼠鼬魚屬,t0015447,t0015447,accepted,taicol,Animalia,Chordata,Actinopteri,Ophidiiformes,Bythitidae,Pseudonus,genus,Full match
Pseudorhombus pentophthalmus,Pseudorhombus pentophthalmus,Pseudorhombus pentophthalmus,1,"Pseudorhombus pentophthalmus Günther, 1862",Pseudorhombus pentophthalmus,"五眼斑鮃,扁⿂,⽐⽬⿂,半邊⿂,皇帝⿂",t0032303,t0032303,accepted,taicol,Animalia,Chordata,Actinopteri,Pleuronectiformes,Paralichthyidae,Pseudorhombus,species,Full match
Pseudorhombus,Pseudorhombus,Pseudorhombus,1,Pseudorhombus,Pseudorhombus,斑鮃屬,t0015471,t0015471,accepted,taicol,Animalia,Chordata,Actinopteri,Pleuronectiformes,Paralichthyidae,Pseudorhombus,genus,Full match
Rhinoraja kujiensis,Rhinoraja kujiensis,,,,,,,,,,,,,,,,,No match
Rondeletia loricata,Rondeletia loricata,Rondeletia loricata,1,"Rondeletia loricata Abe & Hotta, 1963",Rondeletia loricata,"網肩紅口仿鯨,網肩⿓⽒鯨頭⿂,紅⼝仿鯨,鯨頭⿂",t0056108,t0056108,accepted,taicol,Animalia,Chordata,Actinopteri,Beryciformes,Rondeletiidae,Rondeletia,species,Full match
Rouleina guentheri,Rouleina guentheri,Rouleina guentheri,1,"Rouleina guentheri (Alcock, 1892)",Rouleina guentheri,"根室魯氏魚,⿊頭⿂,貢⽒魯⽒⿂",t0032550,t0032550,accepted,taicol,Animalia,Chordata,Actinopteri,Alepocephaliformes,Alepocephalidae,Rouleina,species,Full match
Rouleina watasei,Rouleina watasei,Rouleina watasei,1,"Rouleina watasei (Tanaka, 1909)",Rouleina watasei,"渡瀨魯氏魚,⿊頭⿂",t0032551,t0032551,accepted,taicol,Animalia,Chordata,Actinopteri,Alepocephaliformes,Alepocephalidae,Rouleina,species,Full match
Satyrichthys hians,Satyrichthys hians,Satyrichthys hians,1,"Satyrichthys hians (Gilbert & Cramer, 1897)",Satyrichthys hians,"褐緣叉吻魴鮄,雞⾓,⾓仔⿂",t0032645,t0032645,not-accepted,taicol,Animalia,Chordata,Actinopteri,Perciformes,Peristediidae,Scalicus,species,Full match
Scalicus amiscus,Scalicus amiscus,Scalicus amiscus,1,"Scalicus amiscus (Jordan & Starks, 1904)",Scalicus amiscus,"鬚叉吻魴鮄,鬚平⾯⿈魴鮄,⾓仔⿂,雞⾓,鬚紅魴鮄",t0032644,t0032644,accepted,taicol,Animalia,Chordata,Actinopteri,Perciformes,Peristediidae,Scalicus,species,Full match
Scopelarchoides danae,Scopelarchoides danae,,,,,,,,,,,,,,,,,No match
Scopeloberyx robustus,Scopeloberyx robustus,,,,,,,,,,,,,,,,,No match
Serrivomer sector,Serrivomer sector,Serrivomer sector,1,"Serrivomer sector Garman, 1899",Serrivomer sector,"長齒鋸鋤鰻,⾧⿒鋸犁鰻,鋸⿒鰻,⾧⿒鋸⿒鰻",t0056234,t0056234,accepted,taicol,Animalia,Chordata,Actinopteri,Anguilliformes,Serrivomeridae,Serrivomer,species,Full match
Serrivomer,Serrivomer,Serrivomer,1,Serrivomer,Serrivomer,鋸鋤鰻屬,t0016346,t0016346,accepted,taicol,Animalia,Chordata,Actinopteri,Anguilliformes,Serrivomeridae,Serrivomer,genus,Full match
Setarches longimanus,Setarches longimanus,Setarches longimanus,1,"Setarches longimanus (Alcock, 1894)",Setarches longimanus,"長臂囊頭鮋,囊頭鮋,⽯頭⿂,⾚鮋,⽯狗公",t0032812,t0032812,accepted,taicol,Animalia,Chordata,Actinopteri,Perciformes,Scorpaenidae,Setarches,species,Full match
Sinobatis borneensis,Sinobatis borneensis,Sinobatis borneensis,1,"Sinobatis borneensis (Chan, 1965)",Sinobatis borneensis,"婆羅洲海灣無鰭鰩,婆羅洲裸鯆,魴仔,婆羅洲無鰭鰩",t0057194,t0057194,accepted,taicol,Animalia,Chordata,Elasmobranchii,Rajiformes,Rajidae,Sinobatis,species,Full match
Sphagemacrurus pumiliceps,Sphagemacrurus pumiliceps,Sphagemacrurus pumiliceps,1,"Sphagemacrurus pumiliceps (Alcock, 1894)",Sphagemacrurus pumiliceps,"矮頭短吻鼠尾鱈,矮頭短吻⾧尾鱈,鱈⿂",t0032965,t0032965,accepted,taicol,Animalia,Chordata,Actinopteri,Gadiformes,Macrouridae,Sphagemacrurus,species,Full match
Sphagemacrurus richardi,Sphagemacrurus richardi,Sphagemacrurus richardi,1,"Sphagemacrurus richardi (Weber, 1913)",Sphagemacrurus richardi,"里氏短吻鼠尾鱈,鱈⿂,里⽒短吻⾧尾鱈",t0032966,t0032966,accepted,taicol,Animalia,Chordata,Actinopteri,Gadiformes,Macrouridae,Sphagemacrurus,species,Full match
Sphoeroides pachygaster,Sphoeroides pachygaster,Sphoeroides pachygaster,1,"Sphoeroides pachygaster (Müller & Troschel, 1848)",Sphoeroides pachygaster,"密溝圓魨,氣規,密溝圓魨(皺紋光魨),規仔,縱褶河魨",t0032976,t0032976,accepted,taicol,Animalia,Chordata,Actinopteri,Tetraodontiformes,Tetraodontidae,Sphoeroides,species,Full match
Squalogadus modificatus,Squalogadus modificatus,Squalogadus modificatus,1,"Squalogadus modificatus Gilbert & Hubbs, 1916",Squalogadus modificatus,"卵首鱈,鱈⿂",t0056329,t0056329,accepted,taicol,Animalia,Chordata,Actinopteri,Gadiformes,Macrouridae,Squalogadus,species,Full match
Squalus japonicus,Squalus japonicus,Squalus japonicus,1,"Squalus japonicus Ishikawa, 1908",Squalus japonicus,"日本角鯊,棘沙,沙⿂,刺鯊,⽇本棘鮫",t0056332,t0056332,accepted,taicol,Animalia,Chordata,Elasmobranchii,Squaliformes,Squalidae,Squalus,species,Full match
Stemonidium hypomelas,Stemonidium hypomelas,,,,,,,,,,,,,,,,,No match
Sternoptyx diaphana,Sternoptyx diaphana,Sternoptyx diaphana,1,"Sternoptyx diaphana Hermann, 1781",Sternoptyx diaphana,"褶胸魚,海洋斧⿂,斧⿂,銀斧",t0056376,t0056376,accepted,taicol,Animalia,Chordata,Actinopteri,Stomiatiformes,Sternoptychidae,Sternoptyx,species,Full match
Sternoptyx obscura,Sternoptyx obscura,Sternoptyx obscura,1,"Sternoptyx obscura Garman, 1899",Sternoptyx obscura,"暗色褶胸魚,海洋斧⿂,斧⿂,銀斧,低褶胸⿂",t0056377,t0056377,accepted,taicol,Animalia,Chordata,Actinopteri,Stomiatiformes,Sternoptychidae,Sternoptyx,species,Full match
Sternoptyx pseudobscura,Sternoptyx pseudobscura,Sternoptyx pseudobscura,1,"Sternoptyx pseudobscura Baird, 1971",Sternoptyx pseudobscura,"擬暗色褶胸魚,海洋斧⿂,斧⿂,似低褶胸⿂,銀斧",t0033063,t0033063,accepted,taicol,Animalia,Chordata,Actinopteri,Stomiatiformes,Sternoptychidae,Sternoptyx,species,Full match
Sternoptyx,Sternoptyx,Sternoptyx,1,Sternoptyx,Sternoptyx,褶胸魚屬,t0016825,t0016825,accepted,taicol,Animalia,Chordata,Actinopteri,Stomiatiformes,Sternoptychidae,Sternoptyx,genus,Full match
Stlengis misakia,Stlengis misakia,Stlengis misakia,1,"Stlengis misakia (Jordan & Starks, 1904)",Stlengis misakia,"三崎粗鱗鯒,杜⽗⿂,單側粗鱗鯒",t0033076,t0033076,accepted,taicol,Animalia,Chordata,Actinopteri,Perciformes,Cottidae,Stlengis,species,Full match
Stomias affinis,Stomias affinis,Stomias affinis,1,"Stomias affinis Günther, 1887",Stomias affinis,"巨口魚,貢⽒巨⼝⿂",t0033078,t0033078,accepted,taicol,Animalia,Chordata,Actinopteri,Stomiatiformes,Stomiidae,Stomias,species,Full match
Stomias nebulosus,Stomias nebulosus,Stomias nebulosus,1,"Stomias nebulosus Alcock, 1889",Stomias nebulosus,"星雲巨口魚,巨⼝⿂",t0056391,t0056391,accepted,taicol,Animalia,Chordata,Actinopteri,Stomiatiformes,Stomiidae,Stomias,species,Full match
Symbolophorus evermanni,Symbolophorus evermanni,Symbolophorus evermanni,1,"Symbolophorus evermanni (Gilbert, 1905)",Symbolophorus evermanni,"埃氏標燈魚,光⿂,燈籠⿂,七星⿂",t0033143,t0033143,accepted,taicol,Animalia,Chordata,Actinopteri,Myctophiformes,Myctophidae,Symbolophorus,species,Full match
Symphurus bathyspilus,Symphurus bathyspilus,Symphurus bathyspilus,1,"Symphurus bathyspilus Krabbenhoft & Munroe, 2003",Symphurus bathyspilus,"深淵無線鰨,深⾊無線鰨",t0056411,t0056411,accepted,taicol,Animalia,Chordata,Actinopteri,Pleuronectiformes,Cynoglossidae,Symphurus,species,Full match
Symphurus hondoensis,Symphurus hondoensis,Symphurus hondoensis,1,"Symphurus hondoensis Hubbs, 1915",Symphurus hondoensis,"本州無線鰨,洪都無線鰨",t0056412,t0056412,accepted,taicol,Animalia,Chordata,Actinopteri,Pleuronectiformes,Cynoglossidae,Symphurus,species,Full match
Symphurus orientalis,Symphurus orientalis,Symphurus orientalis,1,"Symphurus orientalis (Bleeker, 1879)",Symphurus orientalis,"東方無線鰨,⽜⾆,皇帝⿂,扁⿂,⽐⽬⿂,⿓⾆",t0033151,t0033151,accepted,taicol,Animalia,Chordata,Actinopteri,Pleuronectiformes,Cynoglossidae,Symphurus,species,Full match
Symphurus,Symphurus,Symphurus,1,Symphurus,Symphurus,無線鰨屬,t0016999,t0016999,accepted,taicol,Animalia,Chordata,Actinopteri,Pleuronectiformes,Cynoglossidae,Symphurus,genus,Full match
Symphurus strictus,Symphurus strictus,Symphurus strictus,1,"Symphurus strictus Gilbert, 1905",Symphurus strictus,"多線無線鰨,⽜⾆,皇帝⿂,細紋無線鰨,扁⿂,⽐⽬⿂,⿓⾆",t0056416,t0056416,accepted,taicol,Animalia,Chordata,Actinopteri,Pleuronectiformes,Cynoglossidae,Symphurus,species,Full match
Synagrops japonicus,Synagrops japonicus,Synagrops japonicus,1,"Synagrops japonicus (Döderlein, 1883)",Synagrops japonicus,"日本尖牙鱸,深⽔⼤⾯側仔,深⽔天竺鯛,⽇本尖⽛鱸(光棘尖⽛鱸",t0033158,t0033158,accepted,taicol,Animalia,Chordata,Actinopteri,Pempheriformes,Acropomatidae,Synagrops,species,Full match
Synaphobranchus affinis,Synaphobranchus affinis,Synaphobranchus affinis,1,"Synaphobranchus affinis Günther, 1877",Synaphobranchus affinis,"合鰓鰻,⾧鰭合鰓鰻(連鰓鰻)",t0033162,t0033162,accepted,taicol,Animalia,Chordata,Actinopteri,Anguilliformes,Synaphobranchidae,Synaphobranchus,species,Full match
Synaphobranchus brevidorsalis,Synaphobranchus brevidorsalis,Synaphobranchus brevidorsalis,1,"Synaphobranchus brevidorsalis Günther, 1887",Synaphobranchus brevidorsalis,"短背鰭合鰓鰻,合鰓鰻",t0056423,t0056423,accepted,taicol,Animalia,Chordata,Actinopteri,Anguilliformes,Synaphobranchidae,Synaphobranchus,species,Full match
Synaphobranchus kaupii,Synaphobranchus kaupii,Synaphobranchus kaupii,1,"Synaphobranchus kaupii Johnson, 1862",Synaphobranchus kaupii,"高氏合鰓鰻,合鰓鰻",t0056424,t0056424,accepted,taicol,Animalia,Chordata,Actinopteri,Anguilliformes,Synaphobranchidae,Synaphobranchus,species,Full match
Synaphobranchus,Synaphobranchus,Synaphobranchus,1,Synaphobranchus,Synaphobranchus,合鰓鰻屬,t0017009,t0017009,accepted,taicol,Animalia,Chordata,Actinopteri,Anguilliformes,Synaphobranchidae,Synaphobranchus,genus,Full match
Talismania antillarum,Talismania antillarum,Talismania antillarum,1,"Talismania antillarum (Goode & Bean, 1896)",Talismania antillarum,"安的列斯塔氏魚,⿊頭⿂",t0033251,t0033251,accepted,taicol,Animalia,Chordata,Actinopteri,Alepocephaliformes,Alepocephalidae,Talismania,species,Full match
Talismania filamentosa,Talismania filamentosa,,,,,,,,,,,,,,,,,No match
Talismania okinawensis,Talismania okinawensis,,,,,,,,,,,,,,,,,No match
Thysanactis dentex,Thysanactis dentex,Thysanactis dentex,1,"Thysanactis dentex Regan & Trewavas, 1930",Thysanactis dentex,"纓光魚,巨⼝⿂",t0056565,t0056565,accepted,taicol,Animalia,Chordata,Actinopteri,Stomiatiformes,Stomiidae,Thysanactis,species,Full match
Torpedo tokionis,Torpedo tokionis,Torpedo tokionis,1,"Torpedo tokionis (Tanaka, 1908)",Torpedo tokionis,"東京電鱝,東京電鰩(圓電鰩),雷⿂,電魴",t0033440,t0033440,accepted,taicol,Animalia,Chordata,Elasmobranchii,Torpediniformes,Torpedinidae,Torpedo,species,Full match
Trachonurus,Trachonurus,Trachonurus,1,Trachonurus,Trachonurus,粗尾鱈屬,t0017624,t0017624,accepted,taicol,Animalia,Chordata,Actinopteri,Gadiformes,Macrouridae,Trachonurus,genus,Full match
Trachonurus villosus,Trachonurus villosus,Trachonurus villosus,1,"Trachonurus villosus (Günther, 1877)",Trachonurus villosus,"多毛粗尾鱈,粗尾鱈,鱈⿂",t0033463,t0033463,accepted,taicol,Animalia,Chordata,Actinopteri,Gadiformes,Macrouridae,Trachonurus,species,Full match
Tydemania navigatoris,Tydemania navigatoris,Tydemania navigatoris,1,"Tydemania navigatoris Weber, 1913",Tydemania navigatoris,"尖尾倒棘魨,三刺魨,尖尾倒刺魨,三腳釘,三⾓狄",t0056668,t0056668,accepted,taicol,Animalia,Chordata,Actinopteri,Tetraodontiformes,Triacanthodidae,Tydemania,species,Full match
Tyrannophryne pugnax,Tyrannophryne pugnax,Tyrannophryne pugnax,1,"Tyrannophryne pugnax Regan & Trewavas, 1932",Tyrannophryne pugnax,"暴龍蜍鮟鱇,深海鮟鱇,暴⿓蟾鮟鱇",t0056673,t0056673,accepted,taicol,Animalia,Chordata,Actinopteri,Lophiiformes,Oneirodidae,Tyrannophryne,species,Full match
Urolophus aurantiacus,Urolophus aurantiacus,Urolophus aurantiacus,1,"Urolophus aurantiacus Müller & Henle, 1841",Urolophus aurantiacus,"褐黃扁魟,⿈平魟,金魴仔",t0056692,t0056692,accepted,taicol,Animalia,Chordata,Elasmobranchii,Myliobatiformes,Urolophidae,Urolophus,species,Full match
Venefica tentaculata,Venefica tentaculata,,,,,,,,,,,,,,,,,No match
Ventrifossa ctenomelas,Ventrifossa ctenomelas,,,,,,,,,,,,,,,,,No match
Ventrifossa divergens,Ventrifossa divergens,Ventrifossa divergens,1,"Ventrifossa divergens Gilbert & Hubbs, 1920",Ventrifossa divergens,"歧異凹腹鱈,鱈⿂",t0056706,t0056706,accepted,taicol,Animalia,Chordata,Actinopteri,Gadiformes,Macrouridae,Ventrifossa,species,Full match
Ventrifossa garmani,Ventrifossa garmani,Ventrifossa garmani,1,"Ventrifossa garmani (Jordan & Gilbert, 1904)",Ventrifossa garmani,"加曼氏凹腹鱈,鱈⿂",t0028486,t0028486,accepted,taicol,Animalia,Chordata,Actinopteri,Gadiformes,Macrouridae,Ventrifossa,species,Full match
Ventrifossa longibarbata,Ventrifossa longibarbata,Ventrifossa longibarbata,1,"Ventrifossa longibarbata Okamura, 1982",Ventrifossa longibarbata,"長鬚凹腹鱈,鱈⿂",t0056708,t0056708,accepted,taicol,Animalia,Chordata,Actinopteri,Gadiformes,Macrouridae,Ventrifossa,species,Full match
Ventrifossa lucifor,Ventrifossa lucifor,,,,,,,,,,,,,,,,,No match
Ventrifossa macroptera,Ventrifossa macroptera,Ventrifossa macroptera,1,"Ventrifossa macroptera Okamura, 1982",Ventrifossa macroptera,"大鰭凹腹鱈,鱈⿂",t0056709,t0056709,accepted,taicol,Animalia,Chordata,Actinopteri,Gadiformes,Macrouridae,Ventrifossa,species,Full match
Ventrifossa rhipidodorsalis,Ventrifossa rhipidodorsalis,Ventrifossa rhipidodorsalis,1,"Ventrifossa rhipidodorsalis Okamura, 1984",Ventrifossa rhipidodorsalis,"扇鰭凹腹鱈,鱈⿂",t0056711,t0056711,accepted,taicol,Animalia,Chordata,Actinopteri,Gadiformes,Macrouridae,Ventrifossa,species,Full match
Ventrifossa saikaiensis,Ventrifossa saikaiensis,Ventrifossa saikaiensis,1,"Ventrifossa saikaiensis Okamura, 1984",Ventrifossa saikaiensis,"西海凹腹鱈,鱈⿂",t0056712,t0056712,accepted,taicol,Animalia,Chordata,Actinopteri,Gadiformes,Macrouridae,Ventrifossa,species,Full match
Ventrifossa,Ventrifossa,Ventrifossa,1,Ventrifossa,Ventrifossa,凹腹鱈屬,t0018051,t0018051,accepted,taicol,Animalia,Chordata,Actinopteri,Gadiformes,Macrouridae,Ventrifossa,genus,Full match
Vinciguerria nimbaria,Vinciguerria nimbaria,Vinciguerria nimbaria,1,"Vinciguerria nimbaria (Jordan & Williams, 1895)",Vinciguerria nimbaria,"智利串光魚,光⿂,串光⿂",t0028502,t0028502,accepted,taicol,Animalia,Chordata,Actinopteri,Stomiatiformes,Phosichthyidae,Vinciguerria,species,Full match
Xenodermichthys nodulosus,Xenodermichthys nodulosus,Xenodermichthys nodulosus,1,"Xenodermichthys nodulosus Günther, 1878",Xenodermichthys nodulosus,"平額魚,⽇本裸平頭⿂,平頭⿂",t0056732,t0056732,accepted,taicol,Animalia,Chordata,Actinopteri,Alepocephaliformes,Alepocephalidae,Xenodermichthys,species,Full match
Xyelacyba myersi,Xyelacyba myersi,Xyelacyba myersi,1,"Xyelacyba myersi Cohen, 1961",Xyelacyba myersi,"梅氏棘鰓鼬魚,梅⽒棘鰓鼬鳚,鼬⿂",t0056743,t0056743,accepted,taicol,Animalia,Chordata,Actinopteri,Ophidiiformes,Ophidiidae,Xyelacyba,species,Full match
,,,,,,,,,,,,,,,,,,
,,,,,,,,,,,,,,,,,,
,,,,,,,,,,,,,,,,,,
